2026-08-11 11:30:14,388 INFO logging to logs/qwen_context_concat/continuous_npy.log
2026-08-11 11:30:14,389 INFO run config: mode=continuous, model=./qwen3-0.6b, device=cpu, dtype=torch.float32, trace_layer=0, tensor_mode=npy, tensor_dir=logs/qwen_context_concat/tensors
2026-08-11 11:30:14,390 INFO old concurrent prefill input_ids.shape: (2, 5)
2026-08-11 11:30:14,390 INFO old concurrent prefill attention_mask: [[1, 1, 1, 1, 1], [0, 0, 0, 1, 1]]
2026-08-11 11:30:14,390 INFO === [old concurrent prefill] stage 1 input preparation ===
2026-08-11 11:30:14,390 INFO [old concurrent prefill] position_ids: (2, 5) [[0, 1, 2, 3, 4], [1, 1, 1, 0, 1]]
2026-08-11 11:30:14,399 INFO [old concurrent prefill] stage_1_input_ids values: dtype=torch.int64, valid_min=603, valid_max=151643, valid_mean=46849.3, masked_or_nonfinite=0, sample=[603.0, 1378.0, 2326.0, 3040.0, 4236.0, 151643.0, 151643.0, 151643.0]
2026-08-11 11:30:14,400 INFO [old concurrent prefill] saved stage_1_input_ids: logs/qwen_context_concat/tensors/old_concurrent_prefill/0001_stage_1_input_ids.npy
2026-08-11 11:30:14,400 INFO [old concurrent prefill] stage_1_attention_mask values: dtype=torch.int64, valid_min=0, valid_max=1, valid_mean=0.7, masked_or_nonfinite=0, sample=[1.0, 1.0, 1.0, 1.0, 1.0, 0.0, 0.0, 0.0]
2026-08-11 11:30:14,400 INFO [old concurrent prefill] saved stage_1_attention_mask: logs/qwen_context_concat/tensors/old_concurrent_prefill/0002_stage_1_attention_mask.npy
2026-08-11 11:30:14,400 INFO [old concurrent prefill] stage_1_position_ids values: dtype=torch.int64, valid_min=0, valid_max=4, valid_mean=1.4, masked_or_nonfinite=0, sample=[0.0, 1.0, 2.0, 3.0, 4.0, 1.0, 1.0, 1.0]
2026-08-11 11:30:14,400 INFO [old concurrent prefill] saved stage_1_position_ids: logs/qwen_context_concat/tensors/old_concurrent_prefill/0003_stage_1_position_ids.npy
2026-08-11 11:30:14,401 INFO [old concurrent prefill] stage 1 input embedding: (2, 5) -> (2, 5, 1024)
2026-08-11 11:30:14,401 INFO [old concurrent prefill] stage 1 input embedding_input values: dtype=torch.int64, valid_min=603, valid_max=151643, valid_mean=46849.3, masked_or_nonfinite=0, sample=[603.0, 1378.0, 2326.0, 3040.0, 4236.0, 151643.0, 151643.0, 151643.0]
2026-08-11 11:30:14,401 INFO [old concurrent prefill] saved stage 1 input embedding_input: logs/qwen_context_concat/tensors/old_concurrent_prefill/0004_stage_1_input_embedding_input.npy
2026-08-11 11:30:14,401 INFO [old concurrent prefill] stage 1 input embedding_output values: dtype=torch.float32, valid_min=-0.0966797, valid_max=0.0947266, valid_mean=0.00035919, masked_or_nonfinite=0, sample=[0.000331878662109375, 0.036376953125, -0.05419921875, -0.0115966796875, -0.013671875, 0.015869140625, 0.02392578125, 0.0546875]
2026-08-11 11:30:14,402 INFO [old concurrent prefill] saved stage 1 input embedding_output: logs/qwen_context_concat/tensors/old_concurrent_prefill/0005_stage_1_input_embedding_output.npy
2026-08-11 11:30:14,405 INFO [old concurrent prefill] stage 1 RoPE cos/sin: (2, 5, 128) (2, 5, 128)
2026-08-11 11:30:14,405 INFO [old concurrent prefill] stage_1_rope_cos values: dtype=torch.float32, valid_min=-0.996658, valid_max=1, valid_mean=0.952845, masked_or_nonfinite=0, sample=[1.0, 1.0, 1.0, 1.0, 1.0, 1.0, 1.0, 1.0]
2026-08-11 11:30:14,405 INFO [old concurrent prefill] saved stage_1_rope_cos: logs/qwen_context_concat/tensors/old_concurrent_prefill/0006_stage_1_rope_cos.npy
2026-08-11 11:30:14,405 INFO [old concurrent prefill] stage_1_rope_sin values: dtype=torch.float32, valid_min=-0.756802, valid_max=1, valid_mean=0.0753777, masked_or_nonfinite=0, sample=[0.0, 0.0, 0.0, 0.0, 0.0, 0.0, 0.0, 0.0]
2026-08-11 11:30:14,405 INFO [old concurrent prefill] saved stage_1_rope_sin: logs/qwen_context_concat/tensors/old_concurrent_prefill/0007_stage_1_rope_sin.npy
2026-08-11 11:30:14,405 INFO [old concurrent prefill] stage 2 decoder.0 input hidden_states: (2, 5, 1024)
2026-08-11 11:30:14,406 INFO [old concurrent prefill] stage_2_decoder_input_hidden_states values: dtype=torch.float32, valid_min=-0.0966797, valid_max=0.0947266, valid_mean=0.00035919, masked_or_nonfinite=0, sample=[0.000331878662109375, 0.036376953125, -0.05419921875, -0.0115966796875, -0.013671875, 0.015869140625, 0.02392578125, 0.0546875]
2026-08-11 11:30:14,406 INFO [old concurrent prefill] saved stage_2_decoder_input_hidden_states: logs/qwen_context_concat/tensors/old_concurrent_prefill/0008_stage_2_decoder_input_hidden_states.npy
2026-08-11 11:30:14,406 INFO [old concurrent prefill] stage 2 attention RMSNorm: (2, 5, 1024) -> (2, 5, 1024)
2026-08-11 11:30:14,406 INFO [old concurrent prefill] stage 2 attention RMSNorm_input values: dtype=torch.float32, valid_min=-0.0966797, valid_max=0.0947266, valid_mean=0.00035919, masked_or_nonfinite=0, sample=[0.000331878662109375, 0.036376953125, -0.05419921875, -0.0115966796875, -0.013671875, 0.015869140625, 0.02392578125, 0.0546875]
2026-08-11 11:30:14,406 INFO [old concurrent prefill] saved stage 2 attention RMSNorm_input: logs/qwen_context_concat/tensors/old_concurrent_prefill/0009_stage_2_attention_RMSNorm_input.npy
2026-08-11 11:30:14,407 INFO [old concurrent prefill] stage 2 attention RMSNorm_output values: dtype=torch.float32, valid_min=-2.67589, valid_max=1.81978, valid_mean=-4.31344e-05, masked_or_nonfinite=0, sample=[0.0014793705195188522, 0.8445934057235718, -1.0498149394989014, -0.2766874134540558, -0.09075723588466644, 0.33180567622184753, 0.2332504689693451, 1.7748080492019653]
2026-08-11 11:30:14,407 INFO [old concurrent prefill] saved stage 2 attention RMSNorm_output: logs/qwen_context_concat/tensors/old_concurrent_prefill/0010_stage_2_attention_RMSNorm_output.npy
2026-08-11 11:30:14,407 INFO [old concurrent prefill] stage 2 attention input: (2, 5, 1024), mask: (2, 1, 5, 5), cache_position: [0, 1, 2, 3, 4]
2026-08-11 11:30:14,407 INFO [old concurrent prefill] stage_2_attention_input_hidden_states values: dtype=torch.float32, valid_min=-2.67589, valid_max=1.81978, valid_mean=-4.31344e-05, masked_or_nonfinite=0, sample=[0.0014793705195188522, 0.8445934057235718, -1.0498149394989014, -0.2766874134540558, -0.09075723588466644, 0.33180567622184753, 0.2332504689693451, 1.7748080492019653]
2026-08-11 11:30:14,407 INFO [old concurrent prefill] saved stage_2_attention_input_hidden_states: logs/qwen_context_concat/tensors/old_concurrent_prefill/0011_stage_2_attention_input_hidden_states.npy
2026-08-11 11:30:14,407 INFO [old concurrent prefill] stage_2_attention_mask values: dtype=torch.float32, valid_min=0, valid_max=0, valid_mean=0, masked_or_nonfinite=32, sample=[0.0, -3.4028234663852886e+38, -3.4028234663852886e+38, -3.4028234663852886e+38, -3.4028234663852886e+38, 0.0, 0.0, -3.4028234663852886e+38]
2026-08-11 11:30:14,407 INFO [old concurrent prefill] saved stage_2_attention_mask: logs/qwen_context_concat/tensors/old_concurrent_prefill/0012_stage_2_attention_mask.npy
2026-08-11 11:30:14,408 INFO [old concurrent prefill] Q projection: (2, 5, 1024) -> (2, 5, 2048)
2026-08-11 11:30:14,408 INFO [old concurrent prefill] Q projection_input values: dtype=torch.float32, valid_min=-2.67589, valid_max=1.81978, valid_mean=-4.31344e-05, masked_or_nonfinite=0, sample=[0.0014793705195188522, 0.8445934057235718, -1.0498149394989014, -0.2766874134540558, -0.09075723588466644, 0.33180567622184753, 0.2332504689693451, 1.7748080492019653]
2026-08-11 11:30:14,408 INFO [old concurrent prefill] saved Q projection_input: logs/qwen_context_concat/tensors/old_concurrent_prefill/0013_Q_projection_input.npy
2026-08-11 11:30:14,408 INFO [old concurrent prefill] Q projection_output values: dtype=torch.float32, valid_min=-4.61454, valid_max=5.03724, valid_mean=-0.00328234, masked_or_nonfinite=0, sample=[0.13304503262043, 0.3435288667678833, -0.030881553888320923, -0.16965031623840332, 0.06814039498567581, 0.1496609002351761, -0.06773360073566437, -0.07750536501407623]
2026-08-11 11:30:14,409 INFO [old concurrent prefill] saved Q projection_output: logs/qwen_context_concat/tensors/old_concurrent_prefill/0014_Q_projection_output.npy
2026-08-11 11:30:14,409 INFO [old concurrent prefill] Q RMSNorm: (2, 5, 16, 128) -> (2, 5, 16, 128)
2026-08-11 11:30:14,409 INFO [old concurrent prefill] Q RMSNorm_input values: dtype=torch.float32, valid_min=-4.61454, valid_max=5.03724, valid_mean=-0.00328234, masked_or_nonfinite=0, sample=[0.13304503262043, 0.3435288667678833, -0.030881553888320923, -0.16965031623840332, 0.06814039498567581, 0.1496609002351761, -0.06773360073566437, -0.07750536501407623]
2026-08-11 11:30:14,409 INFO [old concurrent prefill] saved Q RMSNorm_input: logs/qwen_context_concat/tensors/old_concurrent_prefill/0015_Q_RMSNorm_input.npy
2026-08-11 11:30:14,409 INFO [old concurrent prefill] Q RMSNorm_output values: dtype=torch.float32, valid_min=-28.0663, valid_max=29.274, valid_mean=-0.0133077, masked_or_nonfinite=0, sample=[2.270461320877075, 1.6071183681488037, 0.08541113138198853, -1.0881747007369995, 0.6656258702278137, 0.8762921094894409, -0.27900993824005127, -0.4264428913593292]
2026-08-11 11:30:14,410 INFO [old concurrent prefill] saved Q RMSNorm_output: logs/qwen_context_concat/tensors/old_concurrent_prefill/0016_Q_RMSNorm_output.npy
2026-08-11 11:30:14,410 INFO [old concurrent prefill] K projection: (2, 5, 1024) -> (2, 5, 1024)
2026-08-11 11:30:14,410 INFO [old concurrent prefill] K projection_input values: dtype=torch.float32, valid_min=-2.67589, valid_max=1.81978, valid_mean=-4.31344e-05, masked_or_nonfinite=0, sample=[0.0014793705195188522, 0.8445934057235718, -1.0498149394989014, -0.2766874134540558, -0.09075723588466644, 0.33180567622184753, 0.2332504689693451, 1.7748080492019653]
2026-08-11 11:30:14,410 INFO [old concurrent prefill] saved K projection_input: logs/qwen_context_concat/tensors/old_concurrent_prefill/0017_K_projection_input.npy
2026-08-11 11:30:14,410 INFO [old concurrent prefill] K projection_output values: dtype=torch.float32, valid_min=-2.79821, valid_max=3.32131, valid_mean=0.00307348, masked_or_nonfinite=0, sample=[0.5701484084129333, 0.37434273958206177, -0.2396305501461029, -0.20243091881275177, 0.07240462303161621, 0.43139171600341797, 0.033259011805057526, 0.22794586420059204]
2026-08-11 11:30:14,411 INFO [old concurrent prefill] saved K projection_output: logs/qwen_context_concat/tensors/old_concurrent_prefill/0018_K_projection_output.npy
2026-08-11 11:30:14,411 INFO [old concurrent prefill] K RMSNorm: (2, 5, 8, 128) -> (2, 5, 8, 128)
2026-08-11 11:30:14,411 INFO [old concurrent prefill] K RMSNorm_input values: dtype=torch.float32, valid_min=-2.79821, valid_max=3.32131, valid_mean=0.00307348, masked_or_nonfinite=0, sample=[0.5701484084129333, 0.37434273958206177, -0.2396305501461029, -0.20243091881275177, 0.07240462303161621, 0.43139171600341797, 0.033259011805057526, 0.22794586420059204]
2026-08-11 11:30:14,411 INFO [old concurrent prefill] saved K RMSNorm_input: logs/qwen_context_concat/tensors/old_concurrent_prefill/0019_K_RMSNorm_input.npy
2026-08-11 11:30:14,411 INFO [old concurrent prefill] K RMSNorm_output values: dtype=torch.float32, valid_min=-265.466, valid_max=411.28, valid_mean=0.203293, masked_or_nonfinite=0, sample=[1.5751543045043945, 1.8565762042999268, -2.249305248260498, -0.8692079186439514, 0.27112898230552673, 2.326183319091797, 0.3033311665058136, 1.1684484481811523]
2026-08-11 11:30:14,411 INFO [old concurrent prefill] saved K RMSNorm_output: logs/qwen_context_concat/tensors/old_concurrent_prefill/0020_K_RMSNorm_output.npy
2026-08-11 11:30:14,412 INFO [old concurrent prefill] V projection: (2, 5, 1024) -> (2, 5, 1024)
2026-08-11 11:30:14,412 INFO [old concurrent prefill] V projection_input values: dtype=torch.float32, valid_min=-2.67589, valid_max=1.81978, valid_mean=-4.31344e-05, masked_or_nonfinite=0, sample=[0.0014793705195188522, 0.8445934057235718, -1.0498149394989014, -0.2766874134540558, -0.09075723588466644, 0.33180567622184753, 0.2332504689693451, 1.7748080492019653]
2026-08-11 11:30:14,412 INFO [old concurrent prefill] saved V projection_input: logs/qwen_context_concat/tensors/old_concurrent_prefill/0021_V_projection_input.npy
2026-08-11 11:30:14,412 INFO [old concurrent prefill] V projection_output values: dtype=torch.float32, valid_min=-0.84575, valid_max=0.624077, valid_mean=-0.00328895, masked_or_nonfinite=0, sample=[-0.004940202459692955, 0.023698635399341583, -0.13071992993354797, 0.03608980029821396, -0.14278048276901245, -0.06112587824463844, 0.009360814467072487, -0.23092111945152283]
2026-08-11 11:30:14,412 INFO [old concurrent prefill] saved V projection_output: logs/qwen_context_concat/tensors/old_concurrent_prefill/0022_V_projection_output.npy
2026-08-11 11:30:14,413 INFO [old concurrent prefill] stage 2 Q after RoPE: (2, 16, 5, 128)
2026-08-11 11:30:14,413 INFO [old concurrent prefill] stage 2 K/V after RoPE and cache: (2, 8, 5, 128) (2, 8, 5, 128)
2026-08-11 11:30:14,413 INFO [old concurrent prefill] stage 2 attention scores before mask/softmax: (2, 16, 5, 5)
2026-08-11 11:30:14,413 INFO [old concurrent prefill] stage_2_query_after_rope values: dtype=torch.float32, valid_min=-28.067, valid_max=29.2744, valid_mean=-0.00454126, masked_or_nonfinite=0, sample=[2.270461320877075, 1.6071183681488037, 0.08541113138198853, -1.0881747007369995, 0.6656258702278137, 0.8762921094894409, -0.27900993824005127, -0.4264428913593292]
2026-08-11 11:30:14,414 INFO [old concurrent prefill] saved stage_2_query_after_rope: logs/qwen_context_concat/tensors/old_concurrent_prefill/0023_stage_2_query_after_rope.npy
2026-08-11 11:30:14,414 INFO [old concurrent prefill] stage_2_key_after_rope_and_cache values: dtype=torch.float32, valid_min=-265.466, valid_max=411.28, valid_mean=0.235549, masked_or_nonfinite=0, sample=[1.5751543045043945, 1.8565762042999268, -2.249305248260498, -0.8692079186439514, 0.27112898230552673, 2.326183319091797, 0.3033311665058136, 1.1684484481811523]
2026-08-11 11:30:14,414 INFO [old concurrent prefill] saved stage_2_key_after_rope_and_cache: logs/qwen_context_concat/tensors/old_concurrent_prefill/0024_stage_2_key_after_rope_and_cache.npy
2026-08-11 11:30:14,414 INFO [old concurrent prefill] stage_2_value_after_cache values: dtype=torch.float32, valid_min=-0.84575, valid_max=0.624077, valid_mean=-0.00328895, masked_or_nonfinite=0, sample=[-0.004940202459692955, 0.023698635399341583, -0.13071992993354797, 0.03608980029821396, -0.14278048276901245, -0.06112587824463844, 0.009360814467072487, -0.23092111945152283]
2026-08-11 11:30:14,414 INFO [old concurrent prefill] saved stage_2_value_after_cache: logs/qwen_context_concat/tensors/old_concurrent_prefill/0025_stage_2_value_after_cache.npy
2026-08-11 11:30:14,415 INFO [old concurrent prefill] stage_2_attention_scores_before_mask values: dtype=torch.float32, valid_min=-3.61208, valid_max=42.6011, valid_mean=9.08791, masked_or_nonfinite=0, sample=[9.905734062194824, 10.74310302734375, 10.632600784301758, 9.534786224365234, 7.975684642791748, 6.5152082443237305, 8.151405334472656, 9.592772483825684]
2026-08-11 11:30:14,415 INFO [old concurrent prefill] saved stage_2_attention_scores_before_mask: logs/qwen_context_concat/tensors/old_concurrent_prefill/0026_stage_2_attention_scores_before_mask.npy
2026-08-11 11:30:14,415 INFO [old concurrent prefill] stage_2_attention_scores_after_mask values: dtype=torch.float32, valid_min=-0.803594, valid_max=42.6011, valid_mean=11.9567, masked_or_nonfinite=512, sample=[9.905734062194824, -3.4028234663852886e+38, -3.4028234663852886e+38, -3.4028234663852886e+38, -3.4028234663852886e+38, 6.5152082443237305, 8.151405334472656, -3.4028234663852886e+38]
2026-08-11 11:30:14,415 INFO [old concurrent prefill] saved stage_2_attention_scores_after_mask: logs/qwen_context_concat/tensors/old_concurrent_prefill/0027_stage_2_attention_scores_after_mask.npy
2026-08-11 11:30:14,415 INFO [old concurrent prefill] stage 2 attention weights after softmax: (2, 16, 5, 5)
2026-08-11 11:30:14,415 INFO [old concurrent prefill] stage 2 attention context before O projection: (2, 5, 16, 128)
2026-08-11 11:30:14,416 INFO [old concurrent prefill] stage_2_attention_weights_after_softmax values: dtype=torch.float32, valid_min=0, valid_max=1, valid_mean=0.2, masked_or_nonfinite=0, sample=[1.0, 0.0, 0.0, 0.0, 0.0, 0.16298320889472961, 0.8370168805122375, 0.0]
2026-08-11 11:30:14,416 INFO [old concurrent prefill] saved stage_2_attention_weights_after_softmax: logs/qwen_context_concat/tensors/old_concurrent_prefill/0028_stage_2_attention_weights_after_softmax.npy
2026-08-11 11:30:14,416 INFO [old concurrent prefill] stage_2_attention_context_before_o_projection values: dtype=torch.float32, valid_min=-0.839688, valid_max=0.616225, valid_mean=-0.00423037, masked_or_nonfinite=0, sample=[-0.004940202459692955, 0.023698635399341583, -0.13071992993354797, 0.03608980029821396, -0.14278048276901245, -0.06112587824463844, 0.009360814467072487, -0.23092111945152283]
2026-08-11 11:30:14,416 INFO [old concurrent prefill] saved stage_2_attention_context_before_o_projection: logs/qwen_context_concat/tensors/old_concurrent_prefill/0029_stage_2_attention_context_before_o_projection.npy
2026-08-11 11:30:14,416 INFO [old concurrent prefill] attention O projection: (2, 5, 2048) -> (2, 5, 1024)
2026-08-11 11:30:14,417 INFO [old concurrent prefill] attention O projection_input values: dtype=torch.float32, valid_min=-0.839688, valid_max=0.616225, valid_mean=-0.00423037, masked_or_nonfinite=0, sample=[-0.004940202459692955, 0.023698635399341583, -0.13071992993354797, 0.03608980029821396, -0.14278048276901245, -0.06112587824463844, 0.009360814467072487, -0.23092111945152283]
2026-08-11 11:30:14,417 INFO [old concurrent prefill] saved attention O projection_input: logs/qwen_context_concat/tensors/old_concurrent_prefill/0030_attention_O_projection_input.npy
2026-08-11 11:30:14,417 INFO [old concurrent prefill] attention O projection_output values: dtype=torch.float32, valid_min=-1.09715, valid_max=2.15262, valid_mean=0.00225108, masked_or_nonfinite=0, sample=[-0.6593325734138489, 0.0036549344658851624, -0.282099187374115, -0.1569189876317978, 0.10694511234760284, -0.06275220960378647, 0.17619925737380981, -0.4409341812133789]
2026-08-11 11:30:14,417 INFO [old concurrent prefill] saved attention O projection_output: logs/qwen_context_concat/tensors/old_concurrent_prefill/0031_attention_O_projection_output.npy
2026-08-11 11:30:14,417 INFO [old concurrent prefill] stage 2 self-attention output: (2, 5, 1024)
2026-08-11 11:30:14,417 INFO [old concurrent prefill] stage_2_self_attention_output values: dtype=torch.float32, valid_min=-1.09715, valid_max=2.15262, valid_mean=0.00225108, masked_or_nonfinite=0, sample=[-0.6593325734138489, 0.0036549344658851624, -0.282099187374115, -0.1569189876317978, 0.10694511234760284, -0.06275220960378647, 0.17619925737380981, -0.4409341812133789]
2026-08-11 11:30:14,418 INFO [old concurrent prefill] saved stage_2_self_attention_output: logs/qwen_context_concat/tensors/old_concurrent_prefill/0032_stage_2_self_attention_output.npy
2026-08-11 11:30:14,418 INFO [old concurrent prefill] stage 3 MLP RMSNorm: (2, 5, 1024) -> (2, 5, 1024)
2026-08-11 11:30:14,418 INFO [old concurrent prefill] stage 3 MLP RMSNorm_input values: dtype=torch.float32, valid_min=-1.12291, valid_max=2.12931, valid_mean=0.00261028, masked_or_nonfinite=0, sample=[-0.6590006947517395, 0.04003188759088516, -0.336298406124115, -0.1685156673192978, 0.09327323734760284, -0.04688306897878647, 0.20012503862380981, -0.3862466812133789]
2026-08-11 11:30:14,418 INFO [old concurrent prefill] saved stage 3 MLP RMSNorm_input: logs/qwen_context_concat/tensors/old_concurrent_prefill/0033_stage_3_MLP_RMSNorm_input.npy
2026-08-11 11:30:14,418 INFO [old concurrent prefill] stage 3 MLP RMSNorm_output values: dtype=torch.float32, valid_min=-7.61707, valid_max=4.32551, valid_mean=0.00876032, masked_or_nonfinite=0, sample=[-1.592249870300293, 0.00016481283819302917, 2.5546841621398926, -0.6501163244247437, 0.24112901091575623, -0.24240325391292572, 0.5253205895423889, -1.2827153205871582]
2026-08-11 11:30:14,419 INFO [old concurrent prefill] saved stage 3 MLP RMSNorm_output: logs/qwen_context_concat/tensors/old_concurrent_prefill/0034_stage_3_MLP_RMSNorm_output.npy
2026-08-11 11:30:14,419 INFO [old concurrent prefill] MLP gate projection: (2, 5, 1024) -> (2, 5, 3072)
2026-08-11 11:30:14,419 INFO [old concurrent prefill] MLP gate projection_input values: dtype=torch.float32, valid_min=-7.61707, valid_max=4.32551, valid_mean=0.00876032, masked_or_nonfinite=0, sample=[-1.592249870300293, 0.00016481283819302917, 2.5546841621398926, -0.6501163244247437, 0.24112901091575623, -0.24240325391292572, 0.5253205895423889, -1.2827153205871582]
2026-08-11 11:30:14,420 INFO [old concurrent prefill] saved MLP gate projection_input: logs/qwen_context_concat/tensors/old_concurrent_prefill/0035_MLP_gate_projection_input.npy
2026-08-11 11:30:14,420 INFO [old concurrent prefill] MLP gate projection_output values: dtype=torch.float32, valid_min=-4.82901, valid_max=3.14793, valid_mean=-0.524915, masked_or_nonfinite=0, sample=[1.0622254610061646, -0.5451385378837585, 1.7487601041793823, -1.1362967491149902, -0.39965635538101196, -0.6072415113449097, -0.3162584602832794, -0.6105585098266602]
2026-08-11 11:30:14,421 INFO [old concurrent prefill] saved MLP gate projection_output: logs/qwen_context_concat/tensors/old_concurrent_prefill/0036_MLP_gate_projection_output.npy
2026-08-11 11:30:14,421 INFO [old concurrent prefill] MLP up projection: (2, 5, 1024) -> (2, 5, 3072)
2026-08-11 11:30:14,422 INFO [old concurrent prefill] MLP up projection_input values: dtype=torch.float32, valid_min=-7.61707, valid_max=4.32551, valid_mean=0.00876032, masked_or_nonfinite=0, sample=[-1.592249870300293, 0.00016481283819302917, 2.5546841621398926, -0.6501163244247437, 0.24112901091575623, -0.24240325391292572, 0.5253205895423889, -1.2827153205871582]
2026-08-11 11:30:14,422 INFO [old concurrent prefill] saved MLP up projection_input: logs/qwen_context_concat/tensors/old_concurrent_prefill/0037_MLP_up_projection_input.npy
2026-08-11 11:30:14,423 INFO [old concurrent prefill] MLP up projection_output values: dtype=torch.float32, valid_min=-2.55764, valid_max=2.07667, valid_mean=-0.00134278, masked_or_nonfinite=0, sample=[-0.3623163104057312, -1.0866090059280396, 0.07821635156869888, -0.27731624245643616, -0.049561597406864166, 0.5570698380470276, 0.19854366779327393, -0.666001558303833]
2026-08-11 11:30:14,423 INFO [old concurrent prefill] saved MLP up projection_output: logs/qwen_context_concat/tensors/old_concurrent_prefill/0038_MLP_up_projection_output.npy
2026-08-11 11:30:14,423 INFO [old concurrent prefill] stage 3 MLP SiLU(gate) * up: (2, 5, 3072)
2026-08-11 11:30:14,423 INFO [old concurrent prefill] stage 3 MLP down projection output: (2, 5, 1024)
2026-08-11 11:30:14,424 INFO [old concurrent prefill] stage_3_mlp_swiglu_output values: dtype=torch.float32, valid_min=-2.28174, valid_max=5.54848, valid_mean=-2.47272e-05, masked_or_nonfinite=0, sample=[-0.2859966456890106, 0.21738922595977783, 0.11651009321212769, 0.07657288759946823, 0.007950672879815102, -0.11930610239505768, -0.026471970602869987, 0.14310705661773682]
2026-08-11 11:30:14,424 INFO [old concurrent prefill] saved stage_3_mlp_swiglu_output: logs/qwen_context_concat/tensors/old_concurrent_prefill/0039_stage_3_mlp_swiglu_output.npy
2026-08-11 11:30:14,425 INFO [old concurrent prefill] stage_3_mlp_down_projection_output values: dtype=torch.float32, valid_min=-0.760263, valid_max=1.29953, valid_mean=-0.00508733, masked_or_nonfinite=0, sample=[-0.0988059788942337, -0.048745349049568176, 0.28342849016189575, -0.3661297559738159, -0.06661495566368103, -0.065341517329216, -0.10797897726297379, -0.2221977859735489]
2026-08-11 11:30:14,425 INFO [old concurrent prefill] saved stage_3_mlp_down_projection_output: logs/qwen_context_concat/tensors/old_concurrent_prefill/0040_stage_3_mlp_down_projection_output.npy
2026-08-11 11:30:14,425 INFO [old concurrent prefill] stage 3 decoder.0 output hidden_states: (2, 5, 1024)
2026-08-11 11:30:14,425 INFO [old concurrent prefill] stage_3_decoder_output_hidden_states values: dtype=torch.float32, valid_min=-1.19755, valid_max=3.37656, valid_mean=-0.00247706, masked_or_nonfinite=0, sample=[-0.757806658744812, -0.008713461458683014, -0.05286991596221924, -0.5346454381942749, 0.026658281683921814, -0.11222458630800247, 0.09214606136083603, -0.6084444522857666]
2026-08-11 11:30:14,426 INFO [old concurrent prefill] saved stage_3_decoder_output_hidden_states: logs/qwen_context_concat/tensors/old_concurrent_prefill/0041_stage_3_decoder_output_hidden_states.npy
2026-08-11 11:30:14,503 INFO [old concurrent prefill] stage 4 final RMSNorm: (2, 5, 1024) -> (2, 5, 1024)
2026-08-11 11:30:14,504 INFO [old concurrent prefill] stage 4 final RMSNorm_input values: dtype=torch.float32, valid_min=-187.761, valid_max=1877.58, valid_mean=0.495017, masked_or_nonfinite=0, sample=[115.19015502929688, 142.53134155273438, 52.71432113647461, -116.24343872070312, -13.096957206726074, -154.4801483154297, -72.69837951660156, -21.42914581298828]
2026-08-11 11:30:14,504 INFO [old concurrent prefill] saved stage 4 final RMSNorm_input: logs/qwen_context_concat/tensors/old_concurrent_prefill/0042_stage_4_final_RMSNorm_input.npy
2026-08-11 11:30:14,504 INFO [old concurrent prefill] stage 4 final RMSNorm_output values: dtype=torch.float32, valid_min=-36.9215, valid_max=32.1963, valid_mean=-0.118136, masked_or_nonfinite=0, sample=[6.690909385681152, 32.1962776184082, -0.08885129541158676, -11.521424293518066, -0.5494283437728882, -14.812734603881836, -6.468167781829834, -3.6946706771850586]
2026-08-11 11:30:14,505 INFO [old concurrent prefill] saved stage 4 final RMSNorm_output: logs/qwen_context_concat/tensors/old_concurrent_prefill/0043_stage_4_final_RMSNorm_output.npy
2026-08-11 11:30:14,517 INFO [old concurrent prefill] stage 4 LM head: (2, 1, 1024) -> (2, 1, 151936)
2026-08-11 11:30:14,518 INFO [old concurrent prefill] stage 4 LM head_input values: dtype=torch.float32, valid_min=-36.9215, valid_max=20.6277, valid_mean=-0.140589, masked_or_nonfinite=0, sample=[2.3936049938201904, -22.89942741394043, -1.4683254957199097, -7.164126396179199, 2.437227964401245, -3.468489646911621, 3.4151337146759033, -35.92278289794922]
2026-08-11 11:30:14,518 INFO [old concurrent prefill] saved stage 4 LM head_input: logs/qwen_context_concat/tensors/old_concurrent_prefill/0044_stage_4_LM_head_input.npy
2026-08-11 11:30:14,528 INFO [old concurrent prefill] stage 4 LM head_output values: dtype=torch.float32, valid_min=-10.3168, valid_max=19.9618, valid_mean=-0.329953, masked_or_nonfinite=0, sample=[7.477217674255371, 11.595619201660156, 4.302652359008789, 9.674710273742676, 5.383502006530762, 6.036886692047119, 8.129331588745117, 6.634934425354004]
2026-08-11 11:30:14,529 INFO [old concurrent prefill] saved stage 4 LM head_output: logs/qwen_context_concat/tensors/old_concurrent_prefill/0045_stage_4_LM_head_output.npy
2026-08-11 11:30:14,529 INFO timing old concurrent prefill: 139.195 ms
2026-08-11 11:30:14,529 INFO old concurrent prefill logits: (2, 1, 151936)
2026-08-11 11:30:14,529 INFO old concurrent prefill cache layer 0 K/V: (2, 8, 5, 128) (2, 8, 5, 128)
2026-08-11 11:30:14,529 INFO old concurrent prefill cache layer last K/V: (2, 8, 5, 128) (2, 8, 5, 128)
2026-08-11 11:30:14,530 INFO [old concurrent prefill] stage_4_kv_cache_keys values: dtype=torch.float32, valid_min=-265.466, valid_max=411.28, valid_mean=0.235549, masked_or_nonfinite=0, sample=[1.5751543045043945, 1.8565762042999268, -2.249305248260498, -0.8692079186439514, 0.27112898230552673, 2.326183319091797, 0.3033311665058136, 1.1684484481811523]
2026-08-11 11:30:14,530 INFO [old concurrent prefill] saved stage_4_kv_cache_keys: logs/qwen_context_concat/tensors/old_concurrent_prefill/0046_stage_4_kv_cache_keys.npy
2026-08-11 11:30:14,530 INFO [old concurrent prefill] stage_4_kv_cache_values values: dtype=torch.float32, valid_min=-0.84575, valid_max=0.624077, valid_mean=-0.00328895, masked_or_nonfinite=0, sample=[-0.004940202459692955, 0.023698635399341583, -0.13071992993354797, 0.03608980029821396, -0.14278048276901245, -0.06112587824463844, 0.009360814467072487, -0.23092111945152283]
2026-08-11 11:30:14,531 INFO [old concurrent prefill] saved stage_4_kv_cache_values: logs/qwen_context_concat/tensors/old_concurrent_prefill/0047_stage_4_kv_cache_values.npy
2026-08-11 11:30:14,531 INFO old concurrent decode input_ids.shape: (2, 1)
2026-08-11 11:30:14,531 INFO old concurrent decode attention_mask: (2, 6)
2026-08-11 11:30:14,531 INFO === [old concurrent decode] stage 1 input preparation ===
2026-08-11 11:30:14,531 INFO [old concurrent decode] position_ids: (2, 1) [[5], [2]]
2026-08-11 11:30:14,532 INFO [old concurrent decode] stage_1_input_ids values: dtype=torch.int64, valid_min=1378, valid_max=4743, valid_mean=3060.5, masked_or_nonfinite=0, sample=[4743.0, 1378.0]
2026-08-11 11:30:14,532 INFO [old concurrent decode] saved stage_1_input_ids: logs/qwen_context_concat/tensors/old_concurrent_decode/0048_stage_1_input_ids.npy
2026-08-11 11:30:14,532 INFO [old concurrent decode] stage_1_attention_mask values: dtype=torch.int64, valid_min=0, valid_max=1, valid_mean=0.75, masked_or_nonfinite=0, sample=[1.0, 1.0, 1.0, 1.0, 1.0, 1.0, 0.0, 0.0]
2026-08-11 11:30:14,532 INFO [old concurrent decode] saved stage_1_attention_mask: logs/qwen_context_concat/tensors/old_concurrent_decode/0049_stage_1_attention_mask.npy
2026-08-11 11:30:14,533 INFO [old concurrent decode] stage_1_position_ids values: dtype=torch.int64, valid_min=2, valid_max=5, valid_mean=3.5, masked_or_nonfinite=0, sample=[5.0, 2.0]
2026-08-11 11:30:14,533 INFO [old concurrent decode] saved stage_1_position_ids: logs/qwen_context_concat/tensors/old_concurrent_decode/0050_stage_1_position_ids.npy
2026-08-11 11:30:14,533 INFO [old concurrent decode] stage 1 input embedding: (2, 1) -> (2, 1, 1024)
2026-08-11 11:30:14,533 INFO [old concurrent decode] stage 1 input embedding_input values: dtype=torch.int64, valid_min=1378, valid_max=4743, valid_mean=3060.5, masked_or_nonfinite=0, sample=[4743.0, 1378.0]
2026-08-11 11:30:14,534 INFO [old concurrent decode] saved stage 1 input embedding_input: logs/qwen_context_concat/tensors/old_concurrent_decode/0051_stage_1_input_embedding_input.npy
2026-08-11 11:30:14,534 INFO [old concurrent decode] stage 1 input embedding_output values: dtype=torch.float32, valid_min=-0.0791016, valid_max=0.074707, valid_mean=-0.000338501, masked_or_nonfinite=0, sample=[0.02099609375, -0.056396484375, 0.010009765625, 0.0235595703125, 0.01025390625, -0.0031585693359375, 0.010009765625, -0.0189208984375]
2026-08-11 11:30:14,534 INFO [old concurrent decode] saved stage 1 input embedding_output: logs/qwen_context_concat/tensors/old_concurrent_decode/0052_stage_1_input_embedding_output.npy
2026-08-11 11:30:14,538 INFO [old concurrent decode] stage 1 RoPE cos/sin: (2, 1, 128) (2, 1, 128)
2026-08-11 11:30:14,538 INFO [old concurrent decode] stage_1_rope_cos values: dtype=torch.float32, valid_min=-0.994459, valid_max=1, valid_mean=0.875419, masked_or_nonfinite=0, sample=[0.28366219997406006, -0.6312609314918518, -0.9944594502449036, -0.8652754426002502, -0.5121501088142395, -0.1279560923576355, 0.2002238929271698, 0.45059287548065186]
2026-08-11 11:30:14,538 INFO [old concurrent decode] saved stage_1_rope_cos: logs/qwen_context_concat/tensors/old_concurrent_decode/0053_stage_1_rope_cos.npy
2026-08-11 11:30:14,539 INFO [old concurrent decode] stage_1_rope_sin values: dtype=torch.float32, valid_min=-0.958924, valid_max=0.999164, valid_mean=0.11408, masked_or_nonfinite=0, sample=[-0.9589242935180664, -0.7755705118179321, -0.1051209568977356, 0.5012967586517334, 0.8588959574699402, 0.9917798042297363, 0.9797501564025879, 0.8927295207977295]
2026-08-11 11:30:14,539 INFO [old concurrent decode] saved stage_1_rope_sin: logs/qwen_context_concat/tensors/old_concurrent_decode/0054_stage_1_rope_sin.npy
2026-08-11 11:30:14,539 INFO [old concurrent decode] stage 2 decoder.0 input hidden_states: (2, 1, 1024)
2026-08-11 11:30:14,539 INFO [old concurrent decode] stage_2_decoder_input_hidden_states values: dtype=torch.float32, valid_min=-0.0791016, valid_max=0.074707, valid_mean=-0.000338501, masked_or_nonfinite=0, sample=[0.02099609375, -0.056396484375, 0.010009765625, 0.0235595703125, 0.01025390625, -0.0031585693359375, 0.010009765625, -0.0189208984375]
2026-08-11 11:30:14,540 INFO [old concurrent decode] saved stage_2_decoder_input_hidden_states: logs/qwen_context_concat/tensors/old_concurrent_decode/0055_stage_2_decoder_input_hidden_states.npy
2026-08-11 11:30:14,540 INFO [old concurrent decode] stage 2 attention RMSNorm: (2, 1, 1024) -> (2, 1, 1024)
2026-08-11 11:30:14,540 INFO [old concurrent decode] stage 2 attention RMSNorm_input values: dtype=torch.float32, valid_min=-0.0791016, valid_max=0.074707, valid_mean=-0.000338501, masked_or_nonfinite=0, sample=[0.02099609375, -0.056396484375, 0.010009765625, 0.0235595703125, 0.01025390625, -0.0031585693359375, 0.010009765625, -0.0189208984375]
2026-08-11 11:30:14,540 INFO [old concurrent decode] saved stage 2 attention RMSNorm_input: logs/qwen_context_concat/tensors/old_concurrent_decode/0056_stage_2_attention_RMSNorm_input.npy
2026-08-11 11:30:14,541 INFO [old concurrent decode] stage 2 attention RMSNorm_output values: dtype=torch.float32, valid_min=-2.57612, valid_max=1.26816, valid_mean=-0.00703717, masked_or_nonfinite=0, sample=[0.10639502108097076, -1.4885333776474, 0.22040875256061554, 0.6390109658241272, 0.07737981528043747, -0.07507684081792831, 0.11093420535326004, -0.6980559825897217]
2026-08-11 11:30:14,541 INFO [old concurrent decode] saved stage 2 attention RMSNorm_output: logs/qwen_context_concat/tensors/old_concurrent_decode/0057_stage_2_attention_RMSNorm_output.npy
2026-08-11 11:30:14,541 INFO [old concurrent decode] stage 2 attention input: (2, 1, 1024), mask: (2, 1, 1, 6), cache_position: [5]
2026-08-11 11:30:14,541 INFO [old concurrent decode] stage_2_attention_input_hidden_states values: dtype=torch.float32, valid_min=-2.57612, valid_max=1.26816, valid_mean=-0.00703717, masked_or_nonfinite=0, sample=[0.10639502108097076, -1.4885333776474, 0.22040875256061554, 0.6390109658241272, 0.07737981528043747, -0.07507684081792831, 0.11093420535326004, -0.6980559825897217]
2026-08-11 11:30:14,542 INFO [old concurrent decode] saved stage_2_attention_input_hidden_states: logs/qwen_context_concat/tensors/old_concurrent_decode/0058_stage_2_attention_input_hidden_states.npy
2026-08-11 11:30:14,542 INFO [old concurrent decode] stage_2_attention_mask values: dtype=torch.float32, valid_min=0, valid_max=0, valid_mean=0, masked_or_nonfinite=3, sample=[0.0, 0.0, 0.0, 0.0, 0.0, 0.0, -3.4028234663852886e+38, -3.4028234663852886e+38]
2026-08-11 11:30:14,542 INFO [old concurrent decode] saved stage_2_attention_mask: logs/qwen_context_concat/tensors/old_concurrent_decode/0059_stage_2_attention_mask.npy
2026-08-11 11:30:14,542 INFO [old concurrent decode] Q projection: (2, 1, 1024) -> (2, 1, 2048)
2026-08-11 11:30:14,543 INFO [old concurrent decode] Q projection_input values: dtype=torch.float32, valid_min=-2.57612, valid_max=1.26816, valid_mean=-0.00703717, masked_or_nonfinite=0, sample=[0.10639502108097076, -1.4885333776474, 0.22040875256061554, 0.6390109658241272, 0.07737981528043747, -0.07507684081792831, 0.11093420535326004, -0.6980559825897217]
2026-08-11 11:30:14,543 INFO [old concurrent decode] saved Q projection_input: logs/qwen_context_concat/tensors/old_concurrent_decode/0060_Q_projection_input.npy
2026-08-11 11:30:14,543 INFO [old concurrent decode] Q projection_output values: dtype=torch.float32, valid_min=-4.61454, valid_max=5.03724, valid_mean=-0.000275036, masked_or_nonfinite=0, sample=[-0.028033830225467682, -0.07145477831363678, 0.05260689556598663, -0.035109248012304306, -0.0025537963956594467, 0.03713402524590492, 0.1649376004934311, 0.12140651047229767]
2026-08-11 11:30:14,544 INFO [old concurrent decode] saved Q projection_output: logs/qwen_context_concat/tensors/old_concurrent_decode/0061_Q_projection_output.npy
2026-08-11 11:30:14,544 INFO [old concurrent decode] Q RMSNorm: (2, 1, 16, 128) -> (2, 1, 16, 128)
2026-08-11 11:30:14,544 INFO [old concurrent decode] Q RMSNorm_input values: dtype=torch.float32, valid_min=-4.61454, valid_max=5.03724, valid_mean=-0.000275036, masked_or_nonfinite=0, sample=[-0.028033830225467682, -0.07145477831363678, 0.05260689556598663, -0.035109248012304306, -0.0025537963956594467, 0.03713402524590492, 0.1649376004934311, 0.12140651047229767]
2026-08-11 11:30:14,544 INFO [old concurrent decode] saved Q RMSNorm_input: logs/qwen_context_concat/tensors/old_concurrent_decode/0062_Q_RMSNorm_input.npy
2026-08-11 11:30:14,545 INFO [old concurrent decode] Q RMSNorm_output values: dtype=torch.float32, valid_min=-27.2797, valid_max=29.274, valid_mean=0.0186183, masked_or_nonfinite=0, sample=[-0.531288206577301, -0.37123432755470276, -0.16158097982406616, -0.2500908076763153, -0.02770410105586052, 0.24145980179309845, 0.754514217376709, 0.7418281435966492]
2026-08-11 11:30:14,545 INFO [old concurrent decode] saved Q RMSNorm_output: logs/qwen_context_concat/tensors/old_concurrent_decode/0063_Q_RMSNorm_output.npy
2026-08-11 11:30:14,545 INFO [old concurrent decode] K projection: (2, 1, 1024) -> (2, 1, 1024)
2026-08-11 11:30:14,545 INFO [old concurrent decode] K projection_input values: dtype=torch.float32, valid_min=-2.57612, valid_max=1.26816, valid_mean=-0.00703717, masked_or_nonfinite=0, sample=[0.10639502108097076, -1.4885333776474, 0.22040875256061554, 0.6390109658241272, 0.07737981528043747, -0.07507684081792831, 0.11093420535326004, -0.6980559825897217]
2026-08-11 11:30:14,546 INFO [old concurrent decode] saved K projection_input: logs/qwen_context_concat/tensors/old_concurrent_decode/0064_K_projection_input.npy
2026-08-11 11:30:14,546 INFO [old concurrent decode] K projection_output values: dtype=torch.float32, valid_min=-2.79821, valid_max=2.78211, valid_mean=0.00459859, masked_or_nonfinite=0, sample=[0.6318743824958801, 0.30300968885421753, -0.08136162161827087, -0.29501426219940186, 0.2010176181793213, 0.2501799464225769, -0.2934432923793793, 0.020263396203517914]
2026-08-11 11:30:14,546 INFO [old concurrent decode] saved K projection_output: logs/qwen_context_concat/tensors/old_concurrent_decode/0065_K_projection_output.npy
2026-08-11 11:30:14,546 INFO [old concurrent decode] K RMSNorm: (2, 1, 8, 128) -> (2, 1, 8, 128)
2026-08-11 11:30:14,547 INFO [old concurrent decode] K RMSNorm_input values: dtype=torch.float32, valid_min=-2.79821, valid_max=2.78211, valid_mean=0.00459859, masked_or_nonfinite=0, sample=[0.6318743824958801, 0.30300968885421753, -0.08136162161827087, -0.29501426219940186, 0.2010176181793213, 0.2501799464225769, -0.2934432923793793, 0.020263396203517914]
2026-08-11 11:30:14,547 INFO [old concurrent decode] saved K RMSNorm_input: logs/qwen_context_concat/tensors/old_concurrent_decode/0066_K_RMSNorm_input.npy
2026-08-11 11:30:14,547 INFO [old concurrent decode] K RMSNorm_output values: dtype=torch.float32, valid_min=-264.465, valid_max=393.1, valid_mean=0.181949, masked_or_nonfinite=0, sample=[1.9016836881637573, 1.6370888948440552, -0.8319518566131592, -1.3799463510513306, 0.8200042843818665, 1.4695926904678345, -2.915440559387207, 0.11315204948186874]
2026-08-11 11:30:14,547 INFO [old concurrent decode] saved K RMSNorm_output: logs/qwen_context_concat/tensors/old_concurrent_decode/0067_K_RMSNorm_output.npy
2026-08-11 11:30:14,547 INFO [old concurrent decode] V projection: (2, 1, 1024) -> (2, 1, 1024)
2026-08-11 11:30:14,548 INFO [old concurrent decode] V projection_input values: dtype=torch.float32, valid_min=-2.57612, valid_max=1.26816, valid_mean=-0.00703717, masked_or_nonfinite=0, sample=[0.10639502108097076, -1.4885333776474, 0.22040875256061554, 0.6390109658241272, 0.07737981528043747, -0.07507684081792831, 0.11093420535326004, -0.6980559825897217]
2026-08-11 11:30:14,548 INFO [old concurrent decode] saved V projection_input: logs/qwen_context_concat/tensors/old_concurrent_decode/0068_V_projection_input.npy
2026-08-11 11:30:14,548 INFO [old concurrent decode] V projection_output values: dtype=torch.float32, valid_min=-0.845751, valid_max=0.624078, valid_mean=-0.00112672, masked_or_nonfinite=0, sample=[-0.0435553714632988, 0.06374450027942657, -0.03502541407942772, -0.014661313965916634, 0.001227155327796936, -0.0800044983625412, 0.08694539964199066, 0.055827803909778595]
2026-08-11 11:30:14,548 INFO [old concurrent decode] saved V projection_output: logs/qwen_context_concat/tensors/old_concurrent_decode/0069_V_projection_output.npy
2026-08-11 11:30:14,549 INFO [old concurrent decode] stage 2 Q after RoPE: (2, 16, 1, 128)
2026-08-11 11:30:14,549 INFO [old concurrent decode] stage 2 K/V after RoPE and cache: (2, 8, 6, 128) (2, 8, 6, 128)
2026-08-11 11:30:14,549 INFO [old concurrent decode] stage 2 attention scores before mask/softmax: (2, 16, 1, 6)
2026-08-11 11:30:14,549 INFO [old concurrent decode] stage_2_query_after_rope values: dtype=torch.float32, valid_min=-27.2806, valid_max=29.2747, valid_mean=0.0333367, masked_or_nonfinite=0, sample=[-0.5357784032821655, 0.45822674036026, 0.14830999076366425, 0.2519233822822571, 0.05219073221087456, 0.1542472243309021, 0.6707061529159546, -0.3156493902206421]
2026-08-11 11:30:14,549 INFO [old concurrent decode] saved stage_2_query_after_rope: logs/qwen_context_concat/tensors/old_concurrent_decode/0070_stage_2_query_after_rope.npy
2026-08-11 11:30:14,550 INFO [old concurrent decode] stage_2_key_after_rope_and_cache values: dtype=torch.float32, valid_min=-265.466, valid_max=411.28, valid_mean=0.240216, masked_or_nonfinite=0, sample=[1.5751543045043945, 1.8565762042999268, -2.249305248260498, -0.8692079186439514, 0.27112898230552673, 2.326183319091797, 0.3033311665058136, 1.1684484481811523]
2026-08-11 11:30:14,550 INFO [old concurrent decode] saved stage_2_key_after_rope_and_cache: logs/qwen_context_concat/tensors/old_concurrent_decode/0071_stage_2_key_after_rope_and_cache.npy
2026-08-11 11:30:14,550 INFO [old concurrent decode] stage_2_value_after_cache values: dtype=torch.float32, valid_min=-0.845751, valid_max=0.624078, valid_mean=-0.00292858, masked_or_nonfinite=0, sample=[-0.004940202459692955, 0.023698635399341583, -0.13071992993354797, 0.03608980029821396, -0.14278048276901245, -0.06112587824463844, 0.009360814467072487, -0.23092111945152283]
2026-08-11 11:30:14,551 INFO [old concurrent decode] saved stage_2_value_after_cache: logs/qwen_context_concat/tensors/old_concurrent_decode/0072_stage_2_value_after_cache.npy
2026-08-11 11:30:14,551 INFO [old concurrent decode] stage_2_attention_scores_before_mask values: dtype=torch.float32, valid_min=-2.27029, valid_max=42.6003, valid_mean=8.68282, masked_or_nonfinite=0, sample=[4.630974769592285, 5.523934364318848, 6.735496997833252, 5.711160659790039, 5.018950462341309, 5.382994174957275, 6.632236003875732, 9.55245590209961]
2026-08-11 11:30:14,551 INFO [old concurrent decode] saved stage_2_attention_scores_before_mask: logs/qwen_context_concat/tensors/old_concurrent_decode/0073_stage_2_attention_scores_before_mask.npy
2026-08-11 11:30:14,551 INFO [old concurrent decode] stage_2_attention_scores_after_mask values: dtype=torch.float32, valid_min=-1.36671, valid_max=42.6003, valid_mean=10.8773, masked_or_nonfinite=48, sample=[4.630974769592285, 5.523934364318848, 6.735496997833252, 5.711160659790039, 5.018950462341309, 5.382994174957275, 6.632236003875732, 9.55245590209961]
2026-08-11 11:30:14,552 INFO [old concurrent decode] saved stage_2_attention_scores_after_mask: logs/qwen_context_concat/tensors/old_concurrent_decode/0074_stage_2_attention_scores_after_mask.npy
2026-08-11 11:30:14,552 INFO [old concurrent decode] stage 2 attention weights after softmax: (2, 16, 1, 6)
2026-08-11 11:30:14,552 INFO [old concurrent decode] stage 2 attention context before O projection: (2, 1, 16, 128)
2026-08-11 11:30:14,552 INFO [old concurrent decode] stage_2_attention_weights_after_softmax values: dtype=torch.float32, valid_min=0, valid_max=0.997061, valid_mean=0.166667, masked_or_nonfinite=0, sample=[0.054987262934446335, 0.13429799675941467, 0.4510705769062042, 0.1619499772787094, 0.08105089515447617, 0.11664335429668427, 0.00032493009348399937, 0.006025947164744139]
2026-08-11 11:30:14,553 INFO [old concurrent decode] saved stage_2_attention_weights_after_softmax: logs/qwen_context_concat/tensors/old_concurrent_decode/0075_stage_2_attention_weights_after_softmax.npy
2026-08-11 11:30:14,553 INFO [old concurrent decode] stage_2_attention_context_before_o_projection values: dtype=torch.float32, valid_min=-0.845683, valid_max=0.623991, valid_mean=-0.0028981, masked_or_nonfinite=0, sample=[-0.10739497095346451, 0.0011588528286665678, -0.00018321388051845133, -0.00954788364470005, -0.015062299557030201, -0.003478351281955838, 0.03479938209056854, 0.08709386736154556]
2026-08-11 11:30:14,553 INFO [old concurrent decode] saved stage_2_attention_context_before_o_projection: logs/qwen_context_concat/tensors/old_concurrent_decode/0076_stage_2_attention_context_before_o_projection.npy
2026-08-11 11:30:14,554 INFO [old concurrent decode] attention O projection: (2, 1, 2048) -> (2, 1, 1024)
2026-08-11 11:30:14,554 INFO [old concurrent decode] attention O projection_input values: dtype=torch.float32, valid_min=-0.845683, valid_max=0.623991, valid_mean=-0.0028981, masked_or_nonfinite=0, sample=[-0.10739497095346451, 0.0011588528286665678, -0.00018321388051845133, -0.00954788364470005, -0.015062299557030201, -0.003478351281955838, 0.03479938209056854, 0.08709386736154556]
2026-08-11 11:30:14,554 INFO [old concurrent decode] saved attention O projection_input: logs/qwen_context_concat/tensors/old_concurrent_decode/0077_attention_O_projection_input.npy
2026-08-11 11:30:14,555 INFO [old concurrent decode] attention O projection_output values: dtype=torch.float32, valid_min=-1.11741, valid_max=2.02461, valid_mean=0.00398, masked_or_nonfinite=0, sample=[-0.24263715744018555, 0.20749038457870483, -0.4384407103061676, -0.07103163748979568, 0.001878409180790186, 0.0592229962348938, 0.437435507774353, -0.5721655488014221]
2026-08-11 11:30:14,555 INFO [old concurrent decode] saved attention O projection_output: logs/qwen_context_concat/tensors/old_concurrent_decode/0078_attention_O_projection_output.npy
2026-08-11 11:30:14,555 INFO [old concurrent decode] stage 2 self-attention output: (2, 1, 1024)
2026-08-11 11:30:14,555 INFO [old concurrent decode] stage_2_self_attention_output values: dtype=torch.float32, valid_min=-1.11741, valid_max=2.02461, valid_mean=0.00398, masked_or_nonfinite=0, sample=[-0.24263715744018555, 0.20749038457870483, -0.4384407103061676, -0.07103163748979568, 0.001878409180790186, 0.0592229962348938, 0.437435507774353, -0.5721655488014221]
2026-08-11 11:30:14,556 INFO [old concurrent decode] saved stage_2_self_attention_output: logs/qwen_context_concat/tensors/old_concurrent_decode/0079_stage_2_self_attention_output.npy
2026-08-11 11:30:14,556 INFO [old concurrent decode] stage 3 MLP RMSNorm: (2, 1, 1024) -> (2, 1, 1024)
2026-08-11 11:30:14,556 INFO [old concurrent decode] stage 3 MLP RMSNorm_input values: dtype=torch.float32, valid_min=-1.10575, valid_max=1.99934, valid_mean=0.0036415, masked_or_nonfinite=0, sample=[-0.22164106369018555, 0.15109390020370483, -0.4284309446811676, -0.047472067177295685, 0.012132314965128899, 0.0560644268989563, 0.447445273399353, -0.5910864472389221]
2026-08-11 11:30:14,557 INFO [old concurrent decode] saved stage 3 MLP RMSNorm_input: logs/qwen_context_concat/tensors/old_concurrent_decode/0080_stage_3_MLP_RMSNorm_input.npy
2026-08-11 11:30:14,557 INFO [old concurrent decode] stage 3 MLP RMSNorm_output values: dtype=torch.float32, valid_min=-7.65247, valid_max=4.21065, valid_mean=0.00293575, masked_or_nonfinite=0, sample=[-0.49014192819595337, 0.0005693485145457089, 2.978787660598755, -0.1676236242055893, 0.028706641867756844, 0.26531150937080383, 1.0750019550323486, -1.796647310256958]
2026-08-11 11:30:14,557 INFO [old concurrent decode] saved stage 3 MLP RMSNorm_output: logs/qwen_context_concat/tensors/old_concurrent_decode/0081_stage_3_MLP_RMSNorm_output.npy
2026-08-11 11:30:14,558 INFO [old concurrent decode] MLP gate projection: (2, 1, 1024) -> (2, 1, 3072)
2026-08-11 11:30:14,558 INFO [old concurrent decode] MLP gate projection_input values: dtype=torch.float32, valid_min=-7.65247, valid_max=4.21065, valid_mean=0.00293575, masked_or_nonfinite=0, sample=[-0.49014192819595337, 0.0005693485145457089, 2.978787660598755, -0.1676236242055893, 0.028706641867756844, 0.26531150937080383, 1.0750019550323486, -1.796647310256958]
2026-08-11 11:30:14,558 INFO [old concurrent decode] saved MLP gate projection_input: logs/qwen_context_concat/tensors/old_concurrent_decode/0082_MLP_gate_projection_input.npy
2026-08-11 11:30:14,558 INFO [old concurrent decode] MLP gate projection_output values: dtype=torch.float32, valid_min=-4.66003, valid_max=2.25857, valid_mean=-0.579607, masked_or_nonfinite=0, sample=[-1.5974167585372925, -0.0764283686876297, 1.1388918161392212, -0.845515251159668, -0.31234797835350037, -0.1217556893825531, -1.3533750772476196, -0.15610700845718384]
2026-08-11 11:30:14,559 INFO [old concurrent decode] saved MLP gate projection_output: logs/qwen_context_concat/tensors/old_concurrent_decode/0083_MLP_gate_projection_output.npy
2026-08-11 11:30:14,559 INFO [old concurrent decode] MLP up projection: (2, 1, 1024) -> (2, 1, 3072)
2026-08-11 11:30:14,560 INFO [old concurrent decode] MLP up projection_input values: dtype=torch.float32, valid_min=-7.65247, valid_max=4.21065, valid_mean=0.00293575, masked_or_nonfinite=0, sample=[-0.49014192819595337, 0.0005693485145457089, 2.978787660598755, -0.1676236242055893, 0.028706641867756844, 0.26531150937080383, 1.0750019550323486, -1.796647310256958]
2026-08-11 11:30:14,560 INFO [old concurrent decode] saved MLP up projection_input: logs/qwen_context_concat/tensors/old_concurrent_decode/0084_MLP_up_projection_input.npy
2026-08-11 11:30:14,560 INFO [old concurrent decode] MLP up projection_output values: dtype=torch.float32, valid_min=-2.38486, valid_max=2.02282, valid_mean=-0.00253626, masked_or_nonfinite=0, sample=[1.1157430410385132, -1.1425095796585083, 0.027893826365470886, -0.10854072868824005, 0.1989896297454834, 0.1168573796749115, 0.2609935402870178, -0.5331115126609802]
2026-08-11 11:30:14,561 INFO [old concurrent decode] saved MLP up projection_output: logs/qwen_context_concat/tensors/old_concurrent_decode/0085_MLP_up_projection_output.npy
2026-08-11 11:30:14,561 INFO [old concurrent decode] stage 3 MLP SiLU(gate) * up: (2, 1, 3072)
2026-08-11 11:30:14,561 INFO [old concurrent decode] stage 3 MLP down projection output: (2, 1, 1024)
2026-08-11 11:30:14,562 INFO [old concurrent decode] stage_3_mlp_swiglu_output values: dtype=torch.float32, valid_min=-2.23447, valid_max=1.77909, valid_mean=-0.00101034, masked_or_nonfinite=0, sample=[-0.30003878474235535, 0.04199244827032089, 0.024063540622591972, 0.027566220611333847, -0.026262663304805756, -0.006681473460048437, -0.07252326607704163, 0.03836989775300026]
2026-08-11 11:30:14,562 INFO [old concurrent decode] saved stage_3_mlp_swiglu_output: logs/qwen_context_concat/tensors/old_concurrent_decode/0086_stage_3_mlp_swiglu_output.npy
2026-08-11 11:30:14,562 INFO [old concurrent decode] stage_3_mlp_down_projection_output values: dtype=torch.float32, valid_min=-0.548007, valid_max=1.42997, valid_mean=-0.00449561, masked_or_nonfinite=0, sample=[-0.1110546663403511, -0.14495354890823364, 0.25729960203170776, -0.2972536087036133, -0.04719915613532066, 0.0895131304860115, -0.03632935881614685, -0.09277413785457611]
2026-08-11 11:30:14,563 INFO [old concurrent decode] saved stage_3_mlp_down_projection_output: logs/qwen_context_concat/tensors/old_concurrent_decode/0087_stage_3_mlp_down_projection_output.npy
2026-08-11 11:30:14,563 INFO [old concurrent decode] stage 3 decoder.0 output hidden_states: (2, 1, 1024)
2026-08-11 11:30:14,563 INFO [old concurrent decode] stage_3_decoder_output_hidden_states values: dtype=torch.float32, valid_min=-1.18501, valid_max=3.33388, valid_mean=-0.000854104, masked_or_nonfinite=0, sample=[-0.33269572257995605, 0.006140351295471191, -0.17113134264945984, -0.34472566843032837, -0.035066843032836914, 0.1455775499343872, 0.4111159145832062, -0.6838605999946594]
2026-08-11 11:30:14,563 INFO [old concurrent decode] saved stage_3_decoder_output_hidden_states: logs/qwen_context_concat/tensors/old_concurrent_decode/0088_stage_3_decoder_output_hidden_states.npy
2026-08-11 11:30:14,627 INFO [old concurrent decode] stage 4 final RMSNorm: (2, 1, 1024) -> (2, 1, 1024)
2026-08-11 11:30:14,627 INFO [old concurrent decode] stage 4 final RMSNorm_input values: dtype=torch.float32, valid_min=-72.7847, valid_max=393.648, valid_mean=0.371426, masked_or_nonfinite=0, sample=[5.701140880584717, -28.685270309448242, 228.22320556640625, -20.018329620361328, 20.471906661987305, -8.187821388244629, 10.132973670959473, -54.77284240722656]
2026-08-11 11:30:14,628 INFO [old concurrent decode] saved stage 4 final RMSNorm_input: logs/qwen_context_concat/tensors/old_concurrent_decode/0089_stage_4_final_RMSNorm_input.npy
2026-08-11 11:30:14,628 INFO [old concurrent decode] stage 4 final RMSNorm_output values: dtype=torch.float32, valid_min=-36.1759, valid_max=19.2887, valid_mean=-0.129135, masked_or_nonfinite=0, sample=[1.2685695886611938, -24.822011947631836, -1.4735932350158691, -7.6006059646606445, 3.2898921966552734, -3.0075554847717285, 3.4536328315734863, -36.17585754394531]
2026-08-11 11:30:14,628 INFO [old concurrent decode] saved stage 4 final RMSNorm_output: logs/qwen_context_concat/tensors/old_concurrent_decode/0090_stage_4_final_RMSNorm_output.npy
2026-08-11 11:30:14,641 INFO [old concurrent decode] stage 4 LM head: (2, 1, 1024) -> (2, 1, 151936)
2026-08-11 11:30:14,642 INFO [old concurrent decode] stage 4 LM head_input values: dtype=torch.float32, valid_min=-36.1759, valid_max=19.2887, valid_mean=-0.129135, masked_or_nonfinite=0, sample=[1.2685695886611938, -24.822011947631836, -1.4735932350158691, -7.6006059646606445, 3.2898921966552734, -3.0075554847717285, 3.4536328315734863, -36.17585754394531]
2026-08-11 11:30:14,642 INFO [old concurrent decode] saved stage 4 LM head_input: logs/qwen_context_concat/tensors/old_concurrent_decode/0091_stage_4_LM_head_input.npy
2026-08-11 11:30:14,643 INFO [old concurrent decode] stage 4 LM head_output values: dtype=torch.float32, valid_min=-11.1138, valid_max=21.5482, valid_mean=-0.615484, masked_or_nonfinite=0, sample=[6.015083312988281, 10.198171615600586, 2.9222636222839355, 8.720519065856934, 4.292088031768799, 5.066562652587891, 7.324100494384766, 6.503674507141113]
2026-08-11 11:30:14,644 INFO [old concurrent decode] saved stage 4 LM head_output: logs/qwen_context_concat/tensors/old_concurrent_decode/0092_stage_4_LM_head_output.npy
2026-08-11 11:30:14,644 INFO timing old concurrent decode: 112.621 ms
2026-08-11 11:30:14,644 INFO old concurrent decode cache layer 0 K/V: (2, 8, 6, 128) (2, 8, 6, 128)
2026-08-11 11:30:14,644 INFO old concurrent decode cache layer last K/V: (2, 8, 6, 128) (2, 8, 6, 128)
2026-08-11 11:30:14,644 INFO [old concurrent decode] stage_4_kv_cache_keys values: dtype=torch.float32, valid_min=-265.466, valid_max=411.28, valid_mean=0.240216, masked_or_nonfinite=0, sample=[1.5751543045043945, 1.8565762042999268, -2.249305248260498, -0.8692079186439514, 0.27112898230552673, 2.326183319091797, 0.3033311665058136, 1.1684484481811523]
2026-08-11 11:30:14,645 INFO [old concurrent decode] saved stage_4_kv_cache_keys: logs/qwen_context_concat/tensors/old_concurrent_decode/0093_stage_4_kv_cache_keys.npy
2026-08-11 11:30:14,645 INFO [old concurrent decode] stage_4_kv_cache_values values: dtype=torch.float32, valid_min=-0.845751, valid_max=0.624078, valid_mean=-0.00292858, masked_or_nonfinite=0, sample=[-0.004940202459692955, 0.023698635399341583, -0.13071992993354797, 0.03608980029821396, -0.14278048276901245, -0.06112587824463844, 0.009360814467072487, -0.23092111945152283]
2026-08-11 11:30:14,646 INFO [old concurrent decode] saved stage_4_kv_cache_values: logs/qwen_context_concat/tensors/old_concurrent_decode/0094_stage_4_kv_cache_values.npy
2026-08-11 11:30:14,646 INFO timing old concurrent inference total: 255.846 ms
2026-08-11 11:30:14,646 INFO new request prefill input_ids.shape: (1, 2)
2026-08-11 11:30:14,646 INFO new request prefill attention_mask: [[1, 1]]
2026-08-11 11:30:14,646 INFO === [new request prefill] stage 1 input preparation ===
2026-08-11 11:30:14,646 INFO [new request prefill] position_ids: (1, 2) [[0, 1]]
2026-08-11 11:30:14,646 INFO [new request prefill] stage_1_input_ids values: dtype=torch.int64, valid_min=931, valid_max=1681, valid_mean=1306, masked_or_nonfinite=0, sample=[931.0, 1681.0]
2026-08-11 11:30:14,646 INFO [new request prefill] saved stage_1_input_ids: logs/qwen_context_concat/tensors/new_request_prefill/0095_stage_1_input_ids.npy
2026-08-11 11:30:14,647 INFO [new request prefill] stage_1_attention_mask values: dtype=torch.int64, valid_min=1, valid_max=1, valid_mean=1, masked_or_nonfinite=0, sample=[1.0, 1.0]
2026-08-11 11:30:14,647 INFO [new request prefill] saved stage_1_attention_mask: logs/qwen_context_concat/tensors/new_request_prefill/0096_stage_1_attention_mask.npy
2026-08-11 11:30:14,647 INFO [new request prefill] stage_1_position_ids values: dtype=torch.int64, valid_min=0, valid_max=1, valid_mean=0.5, masked_or_nonfinite=0, sample=[0.0, 1.0]
2026-08-11 11:30:14,647 INFO [new request prefill] saved stage_1_position_ids: logs/qwen_context_concat/tensors/new_request_prefill/0097_stage_1_position_ids.npy
2026-08-11 11:30:14,648 INFO [new request prefill] stage 1 input embedding: (1, 2) -> (1, 2, 1024)
2026-08-11 11:30:14,648 INFO [new request prefill] stage 1 input embedding_input values: dtype=torch.int64, valid_min=931, valid_max=1681, valid_mean=1306, masked_or_nonfinite=0, sample=[931.0, 1681.0]
2026-08-11 11:30:14,648 INFO [new request prefill] saved stage 1 input embedding_input: logs/qwen_context_concat/tensors/new_request_prefill/0098_stage_1_input_embedding_input.npy
2026-08-11 11:30:14,648 INFO [new request prefill] stage 1 input embedding_output values: dtype=torch.float32, valid_min=-0.0864258, valid_max=0.0869141, valid_mean=0.000246645, masked_or_nonfinite=0, sample=[0.004364013671875, 0.0240478515625, -0.044921875, -0.035400390625, -0.003326416015625, -0.03564453125, 0.007568359375, 0.048095703125]
2026-08-11 11:30:14,649 INFO [new request prefill] saved stage 1 input embedding_output: logs/qwen_context_concat/tensors/new_request_prefill/0099_stage_1_input_embedding_output.npy
2026-08-11 11:30:14,652 INFO [new request prefill] stage 1 RoPE cos/sin: (1, 2, 128) (1, 2, 128)
2026-08-11 11:30:14,652 INFO [new request prefill] stage_1_rope_cos values: dtype=torch.float32, valid_min=0.540302, valid_max=1, valid_mean=0.989407, masked_or_nonfinite=0, sample=[1.0, 1.0, 1.0, 1.0, 1.0, 1.0, 1.0, 1.0]
2026-08-11 11:30:14,653 INFO [new request prefill] saved stage_1_rope_cos: logs/qwen_context_concat/tensors/new_request_prefill/0100_stage_1_rope_cos.npy
2026-08-11 11:30:14,653 INFO [new request prefill] stage_1_rope_sin values: dtype=torch.float32, valid_min=0, valid_max=0.841471, valid_mean=0.0376031, masked_or_nonfinite=0, sample=[0.0, 0.0, 0.0, 0.0, 0.0, 0.0, 0.0, 0.0]
2026-08-11 11:30:14,653 INFO [new request prefill] saved stage_1_rope_sin: logs/qwen_context_concat/tensors/new_request_prefill/0101_stage_1_rope_sin.npy
2026-08-11 11:30:14,654 INFO [new request prefill] stage 2 decoder.0 input hidden_states: (1, 2, 1024)
2026-08-11 11:30:14,654 INFO [new request prefill] stage_2_decoder_input_hidden_states values: dtype=torch.float32, valid_min=-0.0864258, valid_max=0.0869141, valid_mean=0.000246645, masked_or_nonfinite=0, sample=[0.004364013671875, 0.0240478515625, -0.044921875, -0.035400390625, -0.003326416015625, -0.03564453125, 0.007568359375, 0.048095703125]
2026-08-11 11:30:14,654 INFO [new request prefill] saved stage_2_decoder_input_hidden_states: logs/qwen_context_concat/tensors/new_request_prefill/0102_stage_2_decoder_input_hidden_states.npy
2026-08-11 11:30:14,654 INFO [new request prefill] stage 2 attention RMSNorm: (1, 2, 1024) -> (1, 2, 1024)
2026-08-11 11:30:14,655 INFO [new request prefill] stage 2 attention RMSNorm_input values: dtype=torch.float32, valid_min=-0.0864258, valid_max=0.0869141, valid_mean=0.000246645, masked_or_nonfinite=0, sample=[0.004364013671875, 0.0240478515625, -0.044921875, -0.035400390625, -0.003326416015625, -0.03564453125, 0.007568359375, 0.048095703125]
2026-08-11 11:30:14,655 INFO [new request prefill] saved stage 2 attention RMSNorm_input: logs/qwen_context_concat/tensors/new_request_prefill/0103_stage_2_attention_RMSNorm_input.npy
2026-08-11 11:30:14,655 INFO [new request prefill] stage 2 attention RMSNorm_output values: dtype=torch.float32, valid_min=-2.14932, valid_max=1.89995, valid_mean=-0.00344737, masked_or_nonfinite=0, sample=[0.02073589526116848, 0.5951641201972961, -0.9275059700012207, -0.9003324508666992, -0.023537958040833473, -0.7944424152374268, 0.07864972203969955, 1.66382896900177]
2026-08-11 11:30:14,655 INFO [new request prefill] saved stage 2 attention RMSNorm_output: logs/qwen_context_concat/tensors/new_request_prefill/0104_stage_2_attention_RMSNorm_output.npy
2026-08-11 11:30:14,656 INFO [new request prefill] stage 2 attention input: (1, 2, 1024), mask: (1, 1, 2, 2), cache_position: [0, 1]
2026-08-11 11:30:14,656 INFO [new request prefill] stage_2_attention_input_hidden_states values: dtype=torch.float32, valid_min=-2.14932, valid_max=1.89995, valid_mean=-0.00344737, masked_or_nonfinite=0, sample=[0.02073589526116848, 0.5951641201972961, -0.9275059700012207, -0.9003324508666992, -0.023537958040833473, -0.7944424152374268, 0.07864972203969955, 1.66382896900177]
2026-08-11 11:30:14,656 INFO [new request prefill] saved stage_2_attention_input_hidden_states: logs/qwen_context_concat/tensors/new_request_prefill/0105_stage_2_attention_input_hidden_states.npy
2026-08-11 11:30:14,656 INFO [new request prefill] stage_2_attention_mask values: dtype=torch.float32, valid_min=0, valid_max=0, valid_mean=0, masked_or_nonfinite=1, sample=[0.0, -3.4028234663852886e+38, 0.0, 0.0]
2026-08-11 11:30:14,657 INFO [new request prefill] saved stage_2_attention_mask: logs/qwen_context_concat/tensors/new_request_prefill/0106_stage_2_attention_mask.npy
2026-08-11 11:30:14,657 INFO [new request prefill] Q projection: (1, 2, 1024) -> (1, 2, 2048)
2026-08-11 11:30:14,657 INFO [new request prefill] Q projection_input values: dtype=torch.float32, valid_min=-2.14932, valid_max=1.89995, valid_mean=-0.00344737, masked_or_nonfinite=0, sample=[0.02073589526116848, 0.5951641201972961, -0.9275059700012207, -0.9003324508666992, -0.023537958040833473, -0.7944424152374268, 0.07864972203969955, 1.66382896900177]
2026-08-11 11:30:14,658 INFO [new request prefill] saved Q projection_input: logs/qwen_context_concat/tensors/new_request_prefill/0107_Q_projection_input.npy
2026-08-11 11:30:14,658 INFO [new request prefill] Q projection_output values: dtype=torch.float32, valid_min=-4.09883, valid_max=4.4108, valid_mean=0.00693737, masked_or_nonfinite=0, sample=[0.027440495789051056, 0.03261023387312889, -0.018600719049572945, -0.06698041409254074, 0.13486596941947937, 0.12978754937648773, -0.0687936395406723, -0.04371481388807297]
2026-08-11 11:30:14,658 INFO [new request prefill] saved Q projection_output: logs/qwen_context_concat/tensors/new_request_prefill/0108_Q_projection_output.npy
2026-08-11 11:30:14,658 INFO [new request prefill] Q RMSNorm: (1, 2, 16, 128) -> (1, 2, 16, 128)
2026-08-11 11:30:14,659 INFO [new request prefill] Q RMSNorm_input values: dtype=torch.float32, valid_min=-4.09883, valid_max=4.4108, valid_mean=0.00693737, masked_or_nonfinite=0, sample=[0.027440495789051056, 0.03261023387312889, -0.018600719049572945, -0.06698041409254074, 0.13486596941947937, 0.12978754937648773, -0.0687936395406723, -0.04371481388807297]
2026-08-11 11:30:14,659 INFO [new request prefill] saved Q RMSNorm_input: logs/qwen_context_concat/tensors/new_request_prefill/0109_Q_RMSNorm_input.npy
2026-08-11 11:30:14,659 INFO [new request prefill] Q RMSNorm_output values: dtype=torch.float32, valid_min=-26.3758, valid_max=27.1136, valid_mean=0.0397534, masked_or_nonfinite=0, sample=[0.5145193338394165, 0.16762268543243408, 0.056524839252233505, -0.4720478951931, 1.447512149810791, 0.8349642157554626, -0.3113566040992737, -0.2642725110054016]
2026-08-11 11:30:14,659 INFO [new request prefill] saved Q RMSNorm_output: logs/qwen_context_concat/tensors/new_request_prefill/0110_Q_RMSNorm_output.npy
2026-08-11 11:30:14,660 INFO [new request prefill] K projection: (1, 2, 1024) -> (1, 2, 1024)
2026-08-11 11:30:14,660 INFO [new request prefill] K projection_input values: dtype=torch.float32, valid_min=-2.14932, valid_max=1.89995, valid_mean=-0.00344737, masked_or_nonfinite=0, sample=[0.02073589526116848, 0.5951641201972961, -0.9275059700012207, -0.9003324508666992, -0.023537958040833473, -0.7944424152374268, 0.07864972203969955, 1.66382896900177]
2026-08-11 11:30:14,660 INFO [new request prefill] saved K projection_input: logs/qwen_context_concat/tensors/new_request_prefill/0111_K_projection_input.npy
2026-08-11 11:30:14,660 INFO [new request prefill] K projection_output values: dtype=torch.float32, valid_min=-2.5791, valid_max=2.13913, valid_mean=-0.00353942, masked_or_nonfinite=0, sample=[0.2858830392360687, 0.3812430799007416, -0.2917965054512024, -0.10253684222698212, -0.17626595497131348, 0.29569244384765625, 0.05205726623535156, 0.17673489451408386]
2026-08-11 11:30:14,661 INFO [new request prefill] saved K projection_output: logs/qwen_context_concat/tensors/new_request_prefill/0112_K_projection_output.npy
2026-08-11 11:30:14,661 INFO [new request prefill] K RMSNorm: (1, 2, 8, 128) -> (1, 2, 8, 128)
2026-08-11 11:30:14,661 INFO [new request prefill] K RMSNorm_input values: dtype=torch.float32, valid_min=-2.5791, valid_max=2.13913, valid_mean=-0.00353942, masked_or_nonfinite=0, sample=[0.2858830392360687, 0.3812430799007416, -0.2917965054512024, -0.10253684222698212, -0.17626595497131348, 0.29569244384765625, 0.05205726623535156, 0.17673489451408386]
2026-08-11 11:30:14,661 INFO [new request prefill] saved K RMSNorm_input: logs/qwen_context_concat/tensors/new_request_prefill/0113_K_RMSNorm_input.npy
2026-08-11 11:30:14,661 INFO [new request prefill] K RMSNorm_output values: dtype=torch.float32, valid_min=-378.795, valid_max=365.626, valid_mean=-0.0206736, masked_or_nonfinite=0, sample=[0.8738383054733276, 2.0919575691223145, -3.0303571224212646, -0.48711806535720825, -0.7302735447883606, 1.764086365699768, 0.525286853313446, 1.002322793006897]
2026-08-11 11:30:14,662 INFO [new request prefill] saved K RMSNorm_output: logs/qwen_context_concat/tensors/new_request_prefill/0114_K_RMSNorm_output.npy
2026-08-11 11:30:14,662 INFO [new request prefill] V projection: (1, 2, 1024) -> (1, 2, 1024)
2026-08-11 11:30:14,662 INFO [new request prefill] V projection_input values: dtype=torch.float32, valid_min=-2.14932, valid_max=1.89995, valid_mean=-0.00344737, masked_or_nonfinite=0, sample=[0.02073589526116848, 0.5951641201972961, -0.9275059700012207, -0.9003324508666992, -0.023537958040833473, -0.7944424152374268, 0.07864972203969955, 1.66382896900177]
2026-08-11 11:30:14,662 INFO [new request prefill] saved V projection_input: logs/qwen_context_concat/tensors/new_request_prefill/0115_V_projection_input.npy
2026-08-11 11:30:14,663 INFO [new request prefill] V projection_output values: dtype=torch.float32, valid_min=-0.604861, valid_max=0.603886, valid_mean=0.00120674, masked_or_nonfinite=0, sample=[-0.020393110811710358, -0.04067382961511612, 0.052979521453380585, -0.07688482105731964, -0.08518420159816742, -0.05725957825779915, -0.005681686103343964, 0.13006459176540375]
2026-08-11 11:30:14,663 INFO [new request prefill] saved V projection_output: logs/qwen_context_concat/tensors/new_request_prefill/0116_V_projection_output.npy
2026-08-11 11:30:14,663 INFO [new request prefill] stage 2 Q after RoPE: (1, 16, 2, 128)
2026-08-11 11:30:14,663 INFO [new request prefill] stage 2 K/V after RoPE and cache: (1, 8, 2, 128) (1, 8, 2, 128)
2026-08-11 11:30:14,663 INFO [new request prefill] stage 2 attention scores before mask/softmax: (1, 16, 2, 2)
2026-08-11 11:30:14,663 INFO [new request prefill] stage_2_query_after_rope values: dtype=torch.float32, valid_min=-26.3764, valid_max=27.1143, valid_mean=0.0457228, masked_or_nonfinite=0, sample=[0.5145193338394165, 0.16762268543243408, 0.056524839252233505, -0.4720478951931, 1.447512149810791, 0.8349642157554626, -0.3113566040992737, -0.2642725110054016]
2026-08-11 11:30:14,664 INFO [new request prefill] saved stage_2_query_after_rope: logs/qwen_context_concat/tensors/new_request_prefill/0117_stage_2_query_after_rope.npy
2026-08-11 11:30:14,664 INFO [new request prefill] stage_2_key_after_rope_and_cache values: dtype=torch.float32, valid_min=-378.795, valid_max=365.626, valid_mean=-0.00624709, masked_or_nonfinite=0, sample=[0.8738383054733276, 2.0919575691223145, -3.0303571224212646, -0.48711806535720825, -0.7302735447883606, 1.764086365699768, 0.525286853313446, 1.002322793006897]
2026-08-11 11:30:14,664 INFO [new request prefill] saved stage_2_key_after_rope_and_cache: logs/qwen_context_concat/tensors/new_request_prefill/0118_stage_2_key_after_rope_and_cache.npy
2026-08-11 11:30:14,665 INFO [new request prefill] stage_2_value_after_cache values: dtype=torch.float32, valid_min=-0.604861, valid_max=0.603886, valid_mean=0.00120674, masked_or_nonfinite=0, sample=[-0.020393110811710358, -0.04067382961511612, 0.052979521453380585, -0.07688482105731964, -0.08518420159816742, -0.05725957825779915, -0.005681686103343964, 0.13006459176540375]
2026-08-11 11:30:14,665 INFO [new request prefill] saved stage_2_value_after_cache: logs/qwen_context_concat/tensors/new_request_prefill/0119_stage_2_value_after_cache.npy
2026-08-11 11:30:14,665 INFO [new request prefill] stage_2_attention_scores_before_mask values: dtype=torch.float32, valid_min=-3.70313, valid_max=39.2191, valid_mean=12.7497, masked_or_nonfinite=0, sample=[5.9309234619140625, 5.972426891326904, 6.645514488220215, 5.317970275878906, 14.181525230407715, 9.227219581604004, 12.092528343200684, 17.33287239074707]
2026-08-11 11:30:14,665 INFO [new request prefill] saved stage_2_attention_scores_before_mask: logs/qwen_context_concat/tensors/new_request_prefill/0120_stage_2_attention_scores_before_mask.npy
2026-08-11 11:30:14,666 INFO [new request prefill] stage_2_attention_scores_after_mask values: dtype=torch.float32, valid_min=-3.70313, valid_max=39.2191, valid_mean=13.1361, masked_or_nonfinite=16, sample=[5.9309234619140625, -3.4028234663852886e+38, 6.645514488220215, 5.317970275878906, 14.181525230407715, -3.4028234663852886e+38, 12.092528343200684, 17.33287239074707]
2026-08-11 11:30:14,666 INFO [new request prefill] saved stage_2_attention_scores_after_mask: logs/qwen_context_concat/tensors/new_request_prefill/0121_stage_2_attention_scores_after_mask.npy
2026-08-11 11:30:14,666 INFO [new request prefill] stage 2 attention weights after softmax: (1, 16, 2, 2)
2026-08-11 11:30:14,666 INFO [new request prefill] stage 2 attention context before O projection: (1, 2, 16, 128)
2026-08-11 11:30:14,667 INFO [new request prefill] stage_2_attention_weights_after_softmax values: dtype=torch.float32, valid_min=0, valid_max=1, valid_mean=0.5, masked_or_nonfinite=0, sample=[1.0, 0.0, 0.7904341220855713, 0.2095658779144287, 1.0, 0.0, 0.005270508583635092, 0.9947295784950256]
2026-08-11 11:30:14,667 INFO [new request prefill] saved stage_2_attention_weights_after_softmax: logs/qwen_context_concat/tensors/new_request_prefill/0122_stage_2_attention_weights_after_softmax.npy
2026-08-11 11:30:14,667 INFO [new request prefill] stage_2_attention_context_before_o_projection values: dtype=torch.float32, valid_min=-0.604856, valid_max=0.603884, valid_mean=-0.000214067, masked_or_nonfinite=0, sample=[-0.020393110811710358, -0.04067382961511612, 0.052979521453380585, -0.07688482105731964, -0.08518420159816742, -0.05725957825779915, -0.005681686103343964, 0.13006459176540375]
2026-08-11 11:30:14,667 INFO [new request prefill] saved stage_2_attention_context_before_o_projection: logs/qwen_context_concat/tensors/new_request_prefill/0123_stage_2_attention_context_before_o_projection.npy
2026-08-11 11:30:14,668 INFO [new request prefill] attention O projection: (1, 2, 2048) -> (1, 2, 1024)
2026-08-11 11:30:14,668 INFO [new request prefill] attention O projection_input values: dtype=torch.float32, valid_min=-0.604856, valid_max=0.603884, valid_mean=-0.000214067, masked_or_nonfinite=0, sample=[-0.020393110811710358, -0.04067382961511612, 0.052979521453380585, -0.07688482105731964, -0.08518420159816742, -0.05725957825779915, -0.005681686103343964, 0.13006459176540375]
2026-08-11 11:30:14,668 INFO [new request prefill] saved attention O projection_input: logs/qwen_context_concat/tensors/new_request_prefill/0124_attention_O_projection_input.npy
2026-08-11 11:30:14,668 INFO [new request prefill] attention O projection_output values: dtype=torch.float32, valid_min=-1.01979, valid_max=1.44081, valid_mean=0.00130751, masked_or_nonfinite=0, sample=[-0.2726457417011261, 0.1208144798874855, 0.01571599394083023, -0.8664682507514954, 0.003884360194206238, -0.04557719826698303, -0.3630751371383667, -0.4731738865375519]
2026-08-11 11:30:14,669 INFO [new request prefill] saved attention O projection_output: logs/qwen_context_concat/tensors/new_request_prefill/0125_attention_O_projection_output.npy
2026-08-11 11:30:14,669 INFO [new request prefill] stage 2 self-attention output: (1, 2, 1024)
2026-08-11 11:30:14,669 INFO [new request prefill] stage_2_self_attention_output values: dtype=torch.float32, valid_min=-1.01979, valid_max=1.44081, valid_mean=0.00130751, masked_or_nonfinite=0, sample=[-0.2726457417011261, 0.1208144798874855, 0.01571599394083023, -0.8664682507514954, 0.003884360194206238, -0.04557719826698303, -0.3630751371383667, -0.4731738865375519]
2026-08-11 11:30:14,669 INFO [new request prefill] saved stage_2_self_attention_output: logs/qwen_context_concat/tensors/new_request_prefill/0126_stage_2_self_attention_output.npy
2026-08-11 11:30:14,669 INFO [new request prefill] stage 3 MLP RMSNorm: (1, 2, 1024) -> (1, 2, 1024)
2026-08-11 11:30:14,670 INFO [new request prefill] stage 3 MLP RMSNorm_input values: dtype=torch.float32, valid_min=-1.05617, valid_max=1.41456, valid_mean=0.00155416, masked_or_nonfinite=0, sample=[-0.2682817280292511, 0.1448623239994049, -0.02920588105916977, -0.9018686413764954, 0.0005579441785812378, -0.08122172951698303, -0.3555067777633667, -0.4250781834125519]
2026-08-11 11:30:14,670 INFO [new request prefill] saved stage 3 MLP RMSNorm_input: logs/qwen_context_concat/tensors/new_request_prefill/0127_stage_3_MLP_RMSNorm_input.npy
2026-08-11 11:30:14,670 INFO [new request prefill] stage 3 MLP RMSNorm_output values: dtype=torch.float32, valid_min=-4.60517, valid_max=1.83364, valid_mean=0.00539322, masked_or_nonfinite=0, sample=[-0.5943533778190613, 0.0005468506133183837, 0.20342814922332764, -3.190232753753662, 0.0013225480215623975, -0.38505515456199646, -0.8556559681892395, -1.2943825721740723]
2026-08-11 11:30:14,670 INFO [new request prefill] saved stage 3 MLP RMSNorm_output: logs/qwen_context_concat/tensors/new_request_prefill/0128_stage_3_MLP_RMSNorm_output.npy
2026-08-11 11:30:14,671 INFO [new request prefill] MLP gate projection: (1, 2, 1024) -> (1, 2, 3072)
2026-08-11 11:30:14,671 INFO [new request prefill] MLP gate projection_input values: dtype=torch.float32, valid_min=-4.60517, valid_max=1.83364, valid_mean=0.00539322, masked_or_nonfinite=0, sample=[-0.5943533778190613, 0.0005468506133183837, 0.20342814922332764, -3.190232753753662, 0.0013225480215623975, -0.38505515456199646, -0.8556559681892395, -1.2943825721740723]
2026-08-11 11:30:14,671 INFO [new request prefill] saved MLP gate projection_input: logs/qwen_context_concat/tensors/new_request_prefill/0129_MLP_gate_projection_input.npy
2026-08-11 11:30:14,671 INFO [new request prefill] MLP gate projection_output values: dtype=torch.float32, valid_min=-5.20665, valid_max=2.12808, valid_mean=-0.393477, masked_or_nonfinite=0, sample=[1.4605672359466553, -0.623995304107666, 1.432532787322998, -0.6661868095397949, -0.017346572130918503, -0.9115234017372131, 0.296722412109375, -0.07904306054115295]
2026-08-11 11:30:14,672 INFO [new request prefill] saved MLP gate projection_output: logs/qwen_context_concat/tensors/new_request_prefill/0130_MLP_gate_projection_output.npy
2026-08-11 11:30:14,675 INFO [new request prefill] MLP up projection: (1, 2, 1024) -> (1, 2, 3072)
2026-08-11 11:30:14,676 INFO [new request prefill] MLP up projection_input values: dtype=torch.float32, valid_min=-4.60517, valid_max=1.83364, valid_mean=0.00539322, masked_or_nonfinite=0, sample=[-0.5943533778190613, 0.0005468506133183837, 0.20342814922332764, -3.190232753753662, 0.0013225480215623975, -0.38505515456199646, -0.8556559681892395, -1.2943825721740723]
2026-08-11 11:30:14,676 INFO [new request prefill] saved MLP up projection_input: logs/qwen_context_concat/tensors/new_request_prefill/0131_MLP_up_projection_input.npy
2026-08-11 11:30:14,677 INFO [new request prefill] MLP up projection_output values: dtype=torch.float32, valid_min=-3.13038, valid_max=1.59853, valid_mean=-0.00443707, masked_or_nonfinite=0, sample=[-0.23424118757247925, -1.036227822303772, 0.21189069747924805, 0.21581228077411652, 0.014711502939462662, -0.024215802550315857, 0.21912245452404022, -0.5172520279884338]
2026-08-11 11:30:14,677 INFO [new request prefill] saved MLP up projection_output: logs/qwen_context_concat/tensors/new_request_prefill/0132_MLP_up_projection_output.npy
2026-08-11 11:30:14,681 INFO [new request prefill] stage 3 MLP SiLU(gate) * up: (1, 2, 3072)
2026-08-11 11:30:14,681 INFO [new request prefill] stage 3 MLP down projection output: (1, 2, 1024)
2026-08-11 11:30:14,682 INFO [new request prefill] stage_3_mlp_swiglu_output values: dtype=torch.float32, valid_min=-1.09344, valid_max=1.7898, valid_mean=0.000530984, masked_or_nonfinite=0, sample=[-0.2776753008365631, 0.22558195888996124, 0.24504680931568146, -0.04878896102309227, -0.00012649039854295552, 0.006328146439045668, 0.03729730844497681, 0.019635086879134178]
2026-08-11 11:30:14,682 INFO [new request prefill] saved stage_3_mlp_swiglu_output: logs/qwen_context_concat/tensors/new_request_prefill/0133_stage_3_mlp_swiglu_output.npy
2026-08-11 11:30:14,683 INFO [new request prefill] stage_3_mlp_down_projection_output values: dtype=torch.float32, valid_min=-0.906208, valid_max=1.31405, valid_mean=-0.000551073, masked_or_nonfinite=0, sample=[-0.10716734826564789, -0.07797211408615112, 0.2979099154472351, -0.3355062007904053, -0.049953900277614594, -0.08094377815723419, -0.05627112090587616, -0.21581506729125977]
2026-08-11 11:30:14,683 INFO [new request prefill] saved stage_3_mlp_down_projection_output: logs/qwen_context_concat/tensors/new_request_prefill/0134_stage_3_mlp_down_projection_output.npy
2026-08-11 11:30:14,684 INFO [new request prefill] stage 3 decoder.0 output hidden_states: (1, 2, 1024)
2026-08-11 11:30:14,684 INFO [new request prefill] stage_3_decoder_output_hidden_states values: dtype=torch.float32, valid_min=-1.79801, valid_max=2.58511, valid_mean=0.00100309, masked_or_nonfinite=0, sample=[-0.3754490613937378, 0.06689020991325378, 0.26870402693748474, -1.2373747825622559, -0.049395956099033356, -0.16216550767421722, -0.41177791357040405, -0.6408932209014893]
2026-08-11 11:30:14,685 INFO [new request prefill] saved stage_3_decoder_output_hidden_states: logs/qwen_context_concat/tensors/new_request_prefill/0135_stage_3_decoder_output_hidden_states.npy
2026-08-11 11:30:14,764 INFO [new request prefill] stage 4 final RMSNorm: (1, 2, 1024) -> (1, 2, 1024)
2026-08-11 11:30:14,765 INFO [new request prefill] stage 4 final RMSNorm_input values: dtype=torch.float32, valid_min=-203.203, valid_max=1787.5, valid_mean=0.822278, masked_or_nonfinite=0, sample=[125.7874984741211, 148.91189575195312, 69.76904296875, -181.650390625, -30.047622680664062, -168.39895629882812, -85.84274291992188, 2.9196090698242188]
2026-08-11 11:30:14,766 INFO [new request prefill] saved stage 4 final RMSNorm_input: logs/qwen_context_concat/tensors/new_request_prefill/0136_stage_4_final_RMSNorm_input.npy
2026-08-11 11:30:14,766 INFO [new request prefill] stage 4 final RMSNorm_output values: dtype=torch.float32, valid_min=-38.4529, valid_max=34.1155, valid_mean=-0.0676151, masked_or_nonfinite=0, sample=[7.410280227661133, 34.11552429199219, -0.11926835030317307, -18.260025024414062, -1.2784333229064941, -16.37681007385254, -7.746178150177002, 0.5105319023132324]
2026-08-11 11:30:14,767 INFO [new request prefill] saved stage 4 final RMSNorm_output: logs/qwen_context_concat/tensors/new_request_prefill/0137_stage_4_final_RMSNorm_output.npy
2026-08-11 11:30:14,777 INFO [new request prefill] stage 4 LM head: (1, 1, 1024) -> (1, 1, 151936)
2026-08-11 11:30:14,778 INFO [new request prefill] stage 4 LM head_input values: dtype=torch.float32, valid_min=-38.4529, valid_max=17.2538, valid_mean=-0.0541177, masked_or_nonfinite=0, sample=[1.468914270401001, 1.079506516456604, -1.379755973815918, -36.60188674926758, 1.2310489416122437, -11.38292407989502, 4.947505950927734, -4.775110244750977]
2026-08-11 11:30:14,778 INFO [new request prefill] saved stage 4 LM head_input: logs/qwen_context_concat/tensors/new_request_prefill/0138_stage_4_LM_head_input.npy
2026-08-11 11:30:14,779 INFO [new request prefill] stage 4 LM head_output values: dtype=torch.float32, valid_min=-7.62901, valid_max=12.7849, valid_mean=-0.101349, masked_or_nonfinite=0, sample=[8.440625190734863, 9.447073936462402, 6.006783485412598, 7.178439140319824, 4.445175647735596, 5.551596641540527, 7.649338722229004, 7.066192626953125]
2026-08-11 11:30:14,780 INFO [new request prefill] saved stage 4 LM head_output: logs/qwen_context_concat/tensors/new_request_prefill/0139_stage_4_LM_head_output.npy
2026-08-11 11:30:14,780 INFO timing new request prefill: 134.523 ms
2026-08-11 11:30:14,781 INFO new request prefill logits: (1, 1, 151936)
2026-08-11 11:30:14,781 INFO new request prefill cache layer 0 K/V: (1, 8, 2, 128) (1, 8, 2, 128)
2026-08-11 11:30:14,781 INFO new request prefill cache layer last K/V: (1, 8, 2, 128) (1, 8, 2, 128)
2026-08-11 11:30:14,781 INFO [new request prefill] stage_4_kv_cache_keys values: dtype=torch.float32, valid_min=-378.795, valid_max=365.626, valid_mean=-0.00624709, masked_or_nonfinite=0, sample=[0.8738383054733276, 2.0919575691223145, -3.0303571224212646, -0.48711806535720825, -0.7302735447883606, 1.764086365699768, 0.525286853313446, 1.002322793006897]
2026-08-11 11:30:14,782 INFO [new request prefill] saved stage_4_kv_cache_keys: logs/qwen_context_concat/tensors/new_request_prefill/0140_stage_4_kv_cache_keys.npy
2026-08-11 11:30:14,782 INFO [new request prefill] stage_4_kv_cache_values values: dtype=torch.float32, valid_min=-0.604861, valid_max=0.603886, valid_mean=0.00120674, masked_or_nonfinite=0, sample=[-0.020393110811710358, -0.04067382961511612, 0.052979521453380585, -0.07688482105731964, -0.08518420159816742, -0.05725957825779915, -0.005681686103343964, 0.13006459176540375]
2026-08-11 11:30:14,783 INFO [new request prefill] saved stage_4_kv_cache_values: logs/qwen_context_concat/tensors/new_request_prefill/0141_stage_4_kv_cache_values.npy
2026-08-11 11:30:14,783 INFO merge KV cache and attention masks along dim=0
2026-08-11 11:30:14,785 INFO timing new request cache and mask merge: 1.671 ms
2026-08-11 11:30:14,785 INFO   old cache mask after alignment: (2, 6) [[1, 1, 1, 1, 1, 1], [0, 0, 0, 1, 1, 1]]
2026-08-11 11:30:14,785 INFO   new cache mask after alignment: (1, 6) [[1, 1, 0, 0, 0, 0]]
2026-08-11 11:30:14,785 INFO   old layer 0 K: (2, 8, 6, 128)
2026-08-11 11:30:14,785 INFO   new layer 0 K: (1, 8, 2, 128)
2026-08-11 11:30:14,785 INFO   new layer 0 K after right padding: (1, 8, 6, 128)
2026-08-11 11:30:14,785 INFO   merged layer 0 K: (3, 8, 6, 128)
2026-08-11 11:30:14,785 INFO   merged past attention_mask: (3, 6) [[1, 1, 1, 1, 1, 1], [0, 0, 0, 1, 1, 1], [1, 1, 0, 0, 0, 0]]
2026-08-11 11:30:14,786 INFO merged decode input_ids.shape: (3, 1)
2026-08-11 11:30:14,786 INFO merged decode attention_mask: (3, 7) [[1, 1, 1, 1, 1, 1, 1], [0, 0, 0, 1, 1, 1, 1], [1, 1, 0, 0, 0, 0, 1]]
2026-08-11 11:30:14,786 INFO === [decode after new request join] stage 1 input preparation ===
2026-08-11 11:30:14,787 INFO [decode after new request join] position_ids: (3, 1) [[6], [3], [2]]
2026-08-11 11:30:14,787 INFO [decode after new request join] stage_1_input_ids values: dtype=torch.int64, valid_min=198, valid_max=8094, valid_mean=3039, masked_or_nonfinite=0, sample=[8094.0, 825.0, 198.0]
2026-08-11 11:30:14,787 INFO [decode after new request join] saved stage_1_input_ids: logs/qwen_context_concat/tensors/decode_after_new_request_join/0142_stage_1_input_ids.npy
2026-08-11 11:30:14,787 INFO [decode after new request join] stage_1_attention_mask values: dtype=torch.int64, valid_min=0, valid_max=1, valid_mean=0.666667, masked_or_nonfinite=0, sample=[1.0, 1.0, 1.0, 1.0, 1.0, 1.0, 1.0, 0.0]
2026-08-11 11:30:14,788 INFO [decode after new request join] saved stage_1_attention_mask: logs/qwen_context_concat/tensors/decode_after_new_request_join/0143_stage_1_attention_mask.npy
2026-08-11 11:30:14,788 INFO [decode after new request join] stage_1_position_ids values: dtype=torch.int64, valid_min=2, valid_max=6, valid_mean=3.66667, masked_or_nonfinite=0, sample=[6.0, 3.0, 2.0]
2026-08-11 11:30:14,788 INFO [decode after new request join] saved stage_1_position_ids: logs/qwen_context_concat/tensors/decode_after_new_request_join/0144_stage_1_position_ids.npy
2026-08-11 11:30:14,788 INFO [decode after new request join] stage 1 input embedding: (3, 1) -> (3, 1, 1024)
2026-08-11 11:30:14,789 INFO [decode after new request join] stage 1 input embedding_input values: dtype=torch.int64, valid_min=198, valid_max=8094, valid_mean=3039, masked_or_nonfinite=0, sample=[8094.0, 825.0, 198.0]
2026-08-11 11:30:14,789 INFO [decode after new request join] saved stage 1 input embedding_input: logs/qwen_context_concat/tensors/decode_after_new_request_join/0145_stage_1_input_embedding_input.npy
2026-08-11 11:30:14,793 INFO [decode after new request join] stage 1 input embedding_output values: dtype=torch.float32, valid_min=-0.0839844, valid_max=0.0810547, valid_mean=-0.000275204, masked_or_nonfinite=0, sample=[0.0072021484375, -0.06396484375, 0.0184326171875, 0.037109375, -0.00579833984375, -0.01263427734375, 0.00823974609375, -0.01019287109375]
2026-08-11 11:30:14,793 INFO [decode after new request join] saved stage 1 input embedding_output: logs/qwen_context_concat/tensors/decode_after_new_request_join/0146_stage_1_input_embedding_output.npy
2026-08-11 11:30:14,797 INFO [decode after new request join] stage 1 RoPE cos/sin: (3, 1, 128) (3, 1, 128)
2026-08-11 11:30:14,797 INFO [decode after new request join] stage_1_rope_cos values: dtype=torch.float32, valid_min=-0.999998, valid_max=1, valid_mean=0.874191, masked_or_nonfinite=0, sample=[0.9601702690124512, 0.1223570853471756, -0.7284790277481079, -0.9999983906745911, -0.8188373446464539, -0.45121702551841736, -0.07219267636537552, 0.24425943195819855]
2026-08-11 11:30:14,797 INFO [decode after new request join] saved stage_1_rope_cos: logs/qwen_context_concat/tensors/decode_after_new_request_join/0147_stage_1_rope_cos.npy
2026-08-11 11:30:14,797 INFO [decode after new request join] stage_1_rope_sin values: dtype=torch.float32, valid_min=-0.992486, valid_max=1, valid_mean=0.119915, masked_or_nonfinite=0, sample=[-0.279415488243103, -0.9924861192703247, -0.6850680708885193, 0.0017978261457756162, 0.574025571346283, 0.8924142718315125, 0.9973906874656677, 0.9697099328041077]
2026-08-11 11:30:14,798 INFO [decode after new request join] saved stage_1_rope_sin: logs/qwen_context_concat/tensors/decode_after_new_request_join/0148_stage_1_rope_sin.npy
2026-08-11 11:30:14,798 INFO [decode after new request join] stage 2 decoder.0 input hidden_states: (3, 1, 1024)
2026-08-11 11:30:14,799 INFO [decode after new request join] stage_2_decoder_input_hidden_states values: dtype=torch.float32, valid_min=-0.0839844, valid_max=0.0810547, valid_mean=-0.000275204, masked_or_nonfinite=0, sample=[0.0072021484375, -0.06396484375, 0.0184326171875, 0.037109375, -0.00579833984375, -0.01263427734375, 0.00823974609375, -0.01019287109375]
2026-08-11 11:30:14,799 INFO [decode after new request join] saved stage_2_decoder_input_hidden_states: logs/qwen_context_concat/tensors/decode_after_new_request_join/0149_stage_2_decoder_input_hidden_states.npy
2026-08-11 11:30:14,799 INFO [decode after new request join] stage 2 attention RMSNorm: (3, 1, 1024) -> (3, 1, 1024)
2026-08-11 11:30:14,805 INFO [decode after new request join] stage 2 attention RMSNorm_input values: dtype=torch.float32, valid_min=-0.0839844, valid_max=0.0810547, valid_mean=-0.000275204, masked_or_nonfinite=0, sample=[0.0072021484375, -0.06396484375, 0.0184326171875, 0.037109375, -0.00579833984375, -0.01263427734375, 0.00823974609375, -0.01019287109375]
2026-08-11 11:30:14,805 INFO [decode after new request join] saved stage 2 attention RMSNorm_input: logs/qwen_context_concat/tensors/decode_after_new_request_join/0150_stage_2_attention_RMSNorm_input.npy
2026-08-11 11:30:14,811 INFO [decode after new request join] stage 2 attention RMSNorm_output values: dtype=torch.float32, valid_min=-2.88682, valid_max=1.25881, valid_mean=-0.00594301, masked_or_nonfinite=0, sample=[0.037054840475320816, -1.7141468524932861, 0.4120899736881256, 1.0219383239746094, -0.04442650079727173, -0.30490610003471375, 0.09271618723869324, -0.3818081319332123]
2026-08-11 11:30:14,811 INFO [decode after new request join] saved stage 2 attention RMSNorm_output: logs/qwen_context_concat/tensors/decode_after_new_request_join/0151_stage_2_attention_RMSNorm_output.npy
2026-08-11 11:30:14,811 INFO [decode after new request join] stage 2 attention input: (3, 1, 1024), mask: (3, 1, 1, 7), cache_position: [6]
2026-08-11 11:30:14,817 INFO [decode after new request join] stage_2_attention_input_hidden_states values: dtype=torch.float32, valid_min=-2.88682, valid_max=1.25881, valid_mean=-0.00594301, masked_or_nonfinite=0, sample=[0.037054840475320816, -1.7141468524932861, 0.4120899736881256, 1.0219383239746094, -0.04442650079727173, -0.30490610003471375, 0.09271618723869324, -0.3818081319332123]
2026-08-11 11:30:14,817 INFO [decode after new request join] saved stage_2_attention_input_hidden_states: logs/qwen_context_concat/tensors/decode_after_new_request_join/0152_stage_2_attention_input_hidden_states.npy
2026-08-11 11:30:14,817 INFO [decode after new request join] stage_2_attention_mask values: dtype=torch.float32, valid_min=0, valid_max=0, valid_mean=0, masked_or_nonfinite=7, sample=[0.0, 0.0, 0.0, 0.0, 0.0, 0.0, 0.0, -3.4028234663852886e+38]
2026-08-11 11:30:14,818 INFO [decode after new request join] saved stage_2_attention_mask: logs/qwen_context_concat/tensors/decode_after_new_request_join/0153_stage_2_attention_mask.npy
2026-08-11 11:30:14,823 INFO [decode after new request join] Q projection: (3, 1, 1024) -> (3, 1, 2048)
2026-08-11 11:30:14,829 INFO [decode after new request join] Q projection_input values: dtype=torch.float32, valid_min=-2.88682, valid_max=1.25881, valid_mean=-0.00594301, masked_or_nonfinite=0, sample=[0.037054840475320816, -1.7141468524932861, 0.4120899736881256, 1.0219383239746094, -0.04442650079727173, -0.30490610003471375, 0.09271618723869324, -0.3818081319332123]
2026-08-11 11:30:14,829 INFO [decode after new request join] saved Q projection_input: logs/qwen_context_concat/tensors/decode_after_new_request_join/0154_Q_projection_input.npy
2026-08-11 11:30:14,835 INFO [decode after new request join] Q projection_output values: dtype=torch.float32, valid_min=-6.33198, valid_max=5.20484, valid_mean=-0.00874369, masked_or_nonfinite=0, sample=[-0.023984920233488083, 0.05118994787335396, 0.019235670566558838, -0.0372798889875412, 0.004130937159061432, 0.06645552814006805, 0.04525900259613991, 0.017632491886615753]
2026-08-11 11:30:14,835 INFO [decode after new request join] saved Q projection_output: logs/qwen_context_concat/tensors/decode_after_new_request_join/0155_Q_projection_output.npy
2026-08-11 11:30:14,835 INFO [decode after new request join] Q RMSNorm: (3, 1, 16, 128) -> (3, 1, 16, 128)
2026-08-11 11:30:14,841 INFO [decode after new request join] Q RMSNorm_input values: dtype=torch.float32, valid_min=-6.33198, valid_max=5.20484, valid_mean=-0.00874369, masked_or_nonfinite=0, sample=[-0.023984920233488083, 0.05118994787335396, 0.019235670566558838, -0.0372798889875412, 0.004130937159061432, 0.06645552814006805, 0.04525900259613991, 0.017632491886615753]
2026-08-11 11:30:14,841 INFO [decode after new request join] saved Q RMSNorm_input: logs/qwen_context_concat/tensors/decode_after_new_request_join/0156_Q_RMSNorm_input.npy
2026-08-11 11:30:14,847 INFO [decode after new request join] Q RMSNorm_output values: dtype=torch.float32, valid_min=-28.6644, valid_max=29.5963, valid_mean=-0.0295014, masked_or_nonfinite=0, sample=[-0.4593828320503235, 0.2687758803367615, -0.05970953404903412, -0.2683734595775604, 0.04528925195336342, 0.43670955300331116, 0.2092384546995163, 0.10888393223285675]
2026-08-11 11:30:14,847 INFO [decode after new request join] saved Q RMSNorm_output: logs/qwen_context_concat/tensors/decode_after_new_request_join/0157_Q_RMSNorm_output.npy
2026-08-11 11:30:14,853 INFO [decode after new request join] K projection: (3, 1, 1024) -> (3, 1, 1024)
2026-08-11 11:30:14,859 INFO [decode after new request join] K projection_input values: dtype=torch.float32, valid_min=-2.88682, valid_max=1.25881, valid_mean=-0.00594301, masked_or_nonfinite=0, sample=[0.037054840475320816, -1.7141468524932861, 0.4120899736881256, 1.0219383239746094, -0.04442650079727173, -0.30490610003471375, 0.09271618723869324, -0.3818081319332123]
2026-08-11 11:30:14,859 INFO [decode after new request join] saved K projection_input: logs/qwen_context_concat/tensors/decode_after_new_request_join/0158_K_projection_input.npy
2026-08-11 11:30:14,865 INFO [decode after new request join] K projection_output values: dtype=torch.float32, valid_min=-3.35797, valid_max=5.52731, valid_mean=0.00896144, masked_or_nonfinite=0, sample=[0.7415913343429565, 0.47938865423202515, -0.16503363847732544, -0.34353962540626526, 0.22183293104171753, 0.319443941116333, -0.22149282693862915, 0.132830411195755]
2026-08-11 11:30:14,865 INFO [decode after new request join] saved K projection_output: logs/qwen_context_concat/tensors/decode_after_new_request_join/0159_K_projection_output.npy
2026-08-11 11:30:14,865 INFO [decode after new request join] K RMSNorm: (3, 1, 8, 128) -> (3, 1, 8, 128)
2026-08-11 11:30:14,871 INFO [decode after new request join] K RMSNorm_input values: dtype=torch.float32, valid_min=-3.35797, valid_max=5.52731, valid_mean=0.00896144, masked_or_nonfinite=0, sample=[0.7415913343429565, 0.47938865423202515, -0.16503363847732544, -0.34353962540626526, 0.22183293104171753, 0.319443941116333, -0.22149282693862915, 0.132830411195755]
2026-08-11 11:30:14,871 INFO [decode after new request join] saved K RMSNorm_input: logs/qwen_context_concat/tensors/decode_after_new_request_join/0160_K_RMSNorm_input.npy
2026-08-11 11:30:14,877 INFO [decode after new request join] K RMSNorm_output values: dtype=torch.float32, valid_min=-253.262, valid_max=406.865, valid_mean=0.0810965, masked_or_nonfinite=0, sample=[2.026049852371216, 2.3511555194854736, -1.5318949222564697, -1.4587266445159912, 0.8214590549468994, 1.7034015655517578, -1.997641682624817, 0.673326313495636]
2026-08-11 11:30:14,877 INFO [decode after new request join] saved K RMSNorm_output: logs/qwen_context_concat/tensors/decode_after_new_request_join/0161_K_RMSNorm_output.npy
2026-08-11 11:30:14,883 INFO [decode after new request join] V projection: (3, 1, 1024) -> (3, 1, 1024)
2026-08-11 11:30:14,889 INFO [decode after new request join] V projection_input values: dtype=torch.float32, valid_min=-2.88682, valid_max=1.25881, valid_mean=-0.00594301, masked_or_nonfinite=0, sample=[0.037054840475320816, -1.7141468524932861, 0.4120899736881256, 1.0219383239746094, -0.04442650079727173, -0.30490610003471375, 0.09271618723869324, -0.3818081319332123]
2026-08-11 11:30:14,889 INFO [decode after new request join] saved V projection_input: logs/qwen_context_concat/tensors/decode_after_new_request_join/0162_V_projection_input.npy
2026-08-11 11:30:14,895 INFO [decode after new request join] V projection_output values: dtype=torch.float32, valid_min=-1.31554, valid_max=1.33771, valid_mean=-0.00476651, masked_or_nonfinite=0, sample=[-0.13003291189670563, 0.18275222182273865, -0.05787094682455063, -0.06866709887981415, -0.10471855849027634, 0.07863251864910126, -0.02697974443435669, -0.020689718425273895]
2026-08-11 11:30:14,895 INFO [decode after new request join] saved V projection_output: logs/qwen_context_concat/tensors/decode_after_new_request_join/0163_V_projection_output.npy
2026-08-11 11:30:14,895 INFO [decode after new request join] stage 2 Q after RoPE: (3, 16, 1, 128)
2026-08-11 11:30:14,895 INFO [decode after new request join] stage 2 K/V after RoPE and cache: (3, 8, 7, 128) (3, 8, 7, 128)
2026-08-11 11:30:14,895 INFO [decode after new request join] stage 2 attention scores before mask/softmax: (3, 16, 1, 7)
2026-08-11 11:30:14,901 INFO [decode after new request join] stage_2_query_after_rope values: dtype=torch.float32, valid_min=-28.6646, valid_max=29.5963, valid_mean=-0.0191779, masked_or_nonfinite=0, sample=[-0.4898128807544708, -0.14281952381134033, 0.022368870675563812, 0.26879870891571045, 0.1670548915863037, -0.09388793259859085, 0.45423009991645813, -0.3416403830051422]
2026-08-11 11:30:14,901 INFO [decode after new request join] saved stage_2_query_after_rope: logs/qwen_context_concat/tensors/decode_after_new_request_join/0164_stage_2_query_after_rope.npy
2026-08-11 11:30:14,907 INFO [decode after new request join] stage_2_key_after_rope_and_cache values: dtype=torch.float32, valid_min=-378.795, valid_max=411.28, valid_mean=0.157287, masked_or_nonfinite=0, sample=[1.5751543045043945, 1.8565762042999268, -2.249305248260498, -0.8692079186439514, 0.27112898230552673, 2.326183319091797, 0.3033311665058136, 1.1684484481811523]
2026-08-11 11:30:14,908 INFO [decode after new request join] saved stage_2_key_after_rope_and_cache: logs/qwen_context_concat/tensors/decode_after_new_request_join/0165_stage_2_key_after_rope_and_cache.npy
2026-08-11 11:30:14,913 INFO [decode after new request join] stage_2_value_after_cache values: dtype=torch.float32, valid_min=-1.31554, valid_max=1.33771, valid_mean=-0.00223948, masked_or_nonfinite=0, sample=[-0.004940202459692955, 0.023698635399341583, -0.13071992993354797, 0.03608980029821396, -0.14278048276901245, -0.06112587824463844, 0.009360814467072487, -0.23092111945152283]
2026-08-11 11:30:14,914 INFO [decode after new request join] saved stage_2_value_after_cache: logs/qwen_context_concat/tensors/decode_after_new_request_join/0166_stage_2_value_after_cache.npy
2026-08-11 11:30:14,925 INFO [decode after new request join] stage_2_attention_scores_before_mask values: dtype=torch.float32, valid_min=-4.40393, valid_max=45.9155, valid_mean=7.08611, masked_or_nonfinite=0, sample=[5.44205379486084, 5.969071388244629, 7.329408168792725, 6.2039594650268555, 6.011295795440674, 7.257949352264404, 5.6230878829956055, 8.06410026550293]
2026-08-11 11:30:14,926 INFO [decode after new request join] saved stage_2_attention_scores_before_mask: logs/qwen_context_concat/tensors/decode_after_new_request_join/0167_stage_2_attention_scores_before_mask.npy
2026-08-11 11:30:14,926 INFO [decode after new request join] stage_2_attention_scores_after_mask values: dtype=torch.float32, valid_min=-4.40393, valid_max=45.9155, valid_mean=10.0286, masked_or_nonfinite=112, sample=[5.44205379486084, 5.969071388244629, 7.329408168792725, 6.2039594650268555, 6.011295795440674, 7.257949352264404, 5.6230878829956055, 8.06410026550293]
2026-08-11 11:30:14,927 INFO [decode after new request join] saved stage_2_attention_scores_after_mask: logs/qwen_context_concat/tensors/decode_after_new_request_join/0168_stage_2_attention_scores_after_mask.npy
2026-08-11 11:30:14,955 INFO [decode after new request join] stage 2 attention weights after softmax: (3, 16, 1, 7)
2026-08-11 11:30:14,955 INFO [decode after new request join] stage 2 attention context before O projection: (3, 1, 16, 128)
2026-08-11 11:30:14,955 INFO [decode after new request join] stage_2_attention_weights_after_softmax values: dtype=torch.float32, valid_min=0, valid_max=0.99851, valid_mean=0.142857, masked_or_nonfinite=0, sample=[0.04866163432598114, 0.08242662996053696, 0.3212582468986511, 0.10425049066543579, 0.08598156273365021, 0.2991025447845459, 0.05831883102655411, 0.0007418423192575574]
2026-08-11 11:30:14,956 INFO [decode after new request join] saved stage_2_attention_weights_after_softmax: logs/qwen_context_concat/tensors/decode_after_new_request_join/0169_stage_2_attention_weights_after_softmax.npy
2026-08-11 11:30:14,961 INFO [decode after new request join] stage_2_attention_context_before_o_projection values: dtype=torch.float32, valid_min=-0.984792, valid_max=1.32858, valid_mean=-0.00348627, masked_or_nonfinite=0, sample=[-0.09339960664510727, 0.028819231316447258, -0.012078003957867622, -0.015279805287718773, -0.020092686638236046, -0.018745947629213333, 0.04094930365681648, 0.07078415900468826]
2026-08-11 11:30:14,961 INFO [decode after new request join] saved stage_2_attention_context_before_o_projection: logs/qwen_context_concat/tensors/decode_after_new_request_join/0170_stage_2_attention_context_before_o_projection.npy
2026-08-11 11:30:14,970 INFO [decode after new request join] attention O projection: (3, 1, 2048) -> (3, 1, 1024)
2026-08-11 11:30:14,974 INFO [decode after new request join] attention O projection_input values: dtype=torch.float32, valid_min=-0.984792, valid_max=1.32858, valid_mean=-0.00348627, masked_or_nonfinite=0, sample=[-0.09339960664510727, 0.028819231316447258, -0.012078003957867622, -0.015279805287718773, -0.020092686638236046, -0.018745947629213333, 0.04094930365681648, 0.07078415900468826]
2026-08-11 11:30:14,974 INFO [decode after new request join] saved attention O projection_input: logs/qwen_context_concat/tensors/decode_after_new_request_join/0171_attention_O_projection_input.npy
2026-08-11 11:30:14,978 INFO [decode after new request join] attention O projection_output values: dtype=torch.float32, valid_min=-1.63104, valid_max=2.50427, valid_mean=0.000634278, masked_or_nonfinite=0, sample=[-0.20185844600200653, 0.32173001766204834, -0.4977032244205475, -0.1536065638065338, 0.05135280266404152, 0.02716922014951706, 0.2924705445766449, -0.4497419595718384]
2026-08-11 11:30:14,978 INFO [decode after new request join] saved attention O projection_output: logs/qwen_context_concat/tensors/decode_after_new_request_join/0172_attention_O_projection_output.npy
2026-08-11 11:30:14,978 INFO [decode after new request join] stage 2 self-attention output: (3, 1, 1024)
2026-08-11 11:30:14,984 INFO [decode after new request join] stage_2_self_attention_output values: dtype=torch.float32, valid_min=-1.63104, valid_max=2.50427, valid_mean=0.000634278, masked_or_nonfinite=0, sample=[-0.20185844600200653, 0.32173001766204834, -0.4977032244205475, -0.1536065638065338, 0.05135280266404152, 0.02716922014951706, 0.2924705445766449, -0.4497419595718384]
2026-08-11 11:30:14,984 INFO [decode after new request join] saved stage_2_self_attention_output: logs/qwen_context_concat/tensors/decode_after_new_request_join/0173_stage_2_self_attention_output.npy
2026-08-11 11:30:14,984 INFO [decode after new request join] stage 3 MLP RMSNorm: (3, 1, 1024) -> (3, 1, 1024)
2026-08-11 11:30:14,990 INFO [decode after new request join] stage 3 MLP RMSNorm_input values: dtype=torch.float32, valid_min=-1.6268, valid_max=2.43835, valid_mean=0.000359074, masked_or_nonfinite=0, sample=[-0.19465629756450653, 0.25776517391204834, -0.4792706072330475, -0.11649718880653381, 0.04555446282029152, 0.01453494280576706, 0.3007102906703949, -0.4599348306655884]
2026-08-11 11:30:14,990 INFO [decode after new request join] saved stage 3 MLP RMSNorm_input: logs/qwen_context_concat/tensors/decode_after_new_request_join/0174_stage_3_MLP_RMSNorm_input.npy
2026-08-11 11:30:14,996 INFO [decode after new request join] stage 3 MLP RMSNorm_output values: dtype=torch.float32, valid_min=-7.41739, valid_max=4.94681, valid_mean=-0.00519678, masked_or_nonfinite=0, sample=[-0.427388459444046, 0.0009643578669056296, 3.30843186378479, -0.4084089398384094, 0.10701689124107361, 0.06829120218753815, 0.7172991037368774, -1.3880043029785156]
2026-08-11 11:30:14,996 INFO [decode after new request join] saved stage 3 MLP RMSNorm_output: logs/qwen_context_concat/tensors/decode_after_new_request_join/0175_stage_3_MLP_RMSNorm_output.npy
2026-08-11 11:30:15,002 INFO [decode after new request join] MLP gate projection: (3, 1, 1024) -> (3, 1, 3072)
2026-08-11 11:30:15,008 INFO [decode after new request join] MLP gate projection_input values: dtype=torch.float32, valid_min=-7.41739, valid_max=4.94681, valid_mean=-0.00519678, masked_or_nonfinite=0, sample=[-0.427388459444046, 0.0009643578669056296, 3.30843186378479, -0.4084089398384094, 0.10701689124107361, 0.06829120218753815, 0.7172991037368774, -1.3880043029785156]
2026-08-11 11:30:15,017 INFO [decode after new request join] saved MLP gate projection_input: logs/qwen_context_concat/tensors/decode_after_new_request_join/0176_MLP_gate_projection_input.npy
2026-08-11 11:30:15,017 INFO [decode after new request join] MLP gate projection_output values: dtype=torch.float32, valid_min=-6.26383, valid_max=2.72762, valid_mean=-0.594699, masked_or_nonfinite=0, sample=[-1.6825073957443237, -0.17635399103164673, 0.5373302698135376, -0.9495529532432556, -0.1139603778719902, 0.1751466691493988, -1.266645908355713, -0.6270986199378967]
2026-08-11 11:30:15,017 INFO [decode after new request join] saved MLP gate projection_output: logs/qwen_context_concat/tensors/decode_after_new_request_join/0177_MLP_gate_projection_output.npy
2026-08-11 11:30:15,018 INFO [decode after new request join] MLP up projection: (3, 1, 1024) -> (3, 1, 3072)
2026-08-11 11:30:15,018 INFO [decode after new request join] MLP up projection_input values: dtype=torch.float32, valid_min=-7.41739, valid_max=4.94681, valid_mean=-0.00519678, masked_or_nonfinite=0, sample=[-0.427388459444046, 0.0009643578669056296, 3.30843186378479, -0.4084089398384094, 0.10701689124107361, 0.06829120218753815, 0.7172991037368774, -1.3880043029785156]
2026-08-11 11:30:15,018 INFO [decode after new request join] saved MLP up projection_input: logs/qwen_context_concat/tensors/decode_after_new_request_join/0178_MLP_up_projection_input.npy
2026-08-11 11:30:15,018 INFO [decode after new request join] MLP up projection_output values: dtype=torch.float32, valid_min=-2.60922, valid_max=2.52278, valid_mean=-0.0042992, masked_or_nonfinite=0, sample=[1.1026756763458252, -1.307949185371399, -0.08684243261814117, -0.1289665400981903, 0.43016284704208374, 0.16637836396694183, 0.3894011974334717, -0.31607744097709656]
2026-08-11 11:30:15,019 INFO [decode after new request join] saved MLP up projection_output: logs/qwen_context_concat/tensors/decode_after_new_request_join/0179_MLP_up_projection_output.npy
2026-08-11 11:30:15,019 INFO [decode after new request join] stage 3 MLP SiLU(gate) * up: (3, 1, 3072)
2026-08-11 11:30:15,019 INFO [decode after new request join] stage 3 MLP down projection output: (3, 1, 1024)
2026-08-11 11:30:15,019 INFO [decode after new request join] stage_3_mlp_swiglu_output values: dtype=torch.float32, valid_min=-4.78728, valid_max=2.08201, valid_mean=3.12116e-05, masked_or_nonfinite=0, sample=[-0.29083749651908875, 0.10518777370452881, -0.02945331670343876, 0.034163400530815125, -0.023115642368793488, 0.01584302820265293, -0.1084284633398056, 0.06901111453771591]
2026-08-11 11:30:15,019 INFO [decode after new request join] saved stage_3_mlp_swiglu_output: logs/qwen_context_concat/tensors/decode_after_new_request_join/0180_stage_3_mlp_swiglu_output.npy
2026-08-11 11:30:15,019 INFO [decode after new request join] stage_3_mlp_down_projection_output values: dtype=torch.float32, valid_min=-1.05062, valid_max=3.67699, valid_mean=-0.00506974, masked_or_nonfinite=0, sample=[-0.035530559718608856, -0.1402190774679184, 0.25027692317962646, -0.28112709522247314, -0.05969170480966568, 0.02026791125535965, -0.04586006700992584, -0.2076214849948883]
2026-08-11 11:30:15,020 INFO [decode after new request join] saved stage_3_mlp_down_projection_output: logs/qwen_context_concat/tensors/decode_after_new_request_join/0181_stage_3_mlp_down_projection_output.npy
2026-08-11 11:30:15,020 INFO [decode after new request join] stage 3 decoder.0 output hidden_states: (3, 1, 1024)
2026-08-11 11:30:15,020 INFO [decode after new request join] stage_3_decoder_output_hidden_states values: dtype=torch.float32, valid_min=-2.27455, valid_max=6.11534, valid_mean=-0.00471066, masked_or_nonfinite=0, sample=[-0.2301868498325348, 0.11754609644412994, -0.22899368405342102, -0.39762428402900696, -0.01413724198937416, 0.03480285406112671, 0.25485020875930786, -0.6675562858581543]
2026-08-11 11:30:15,020 INFO [decode after new request join] saved stage_3_decoder_output_hidden_states: logs/qwen_context_concat/tensors/decode_after_new_request_join/0182_stage_3_decoder_output_hidden_states.npy
2026-08-11 11:30:15,070 INFO [decode after new request join] stage 4 final RMSNorm: (3, 1, 1024) -> (3, 1, 1024)
2026-08-11 11:30:15,070 INFO [decode after new request join] stage 4 final RMSNorm_input values: dtype=torch.float32, valid_min=-73.7695, valid_max=410.373, valid_mean=0.319933, masked_or_nonfinite=0, sample=[12.0118408203125, -31.771129608154297, 213.18190002441406, -11.673738479614258, 18.54237174987793, -14.006178855895996, 2.733644485473633, -62.81771469116211]
2026-08-11 11:30:15,071 INFO [decode after new request join] saved stage 4 final RMSNorm_input: logs/qwen_context_concat/tensors/decode_after_new_request_join/0183_stage_4_final_RMSNorm_input.npy
2026-08-11 11:30:15,071 INFO [decode after new request join] stage 4 final RMSNorm_output values: dtype=torch.float32, valid_min=-42.3745, valid_max=38.0686, valid_mean=-0.127984, masked_or_nonfinite=0, sample=[2.729802370071411, -28.078882217407227, -1.4058444499969482, -4.526885509490967, 3.043390989303589, -5.254532337188721, 0.9515911340713501, -42.3745231628418]
2026-08-11 11:30:15,071 INFO [decode after new request join] saved stage 4 final RMSNorm_output: logs/qwen_context_concat/tensors/decode_after_new_request_join/0184_stage_4_final_RMSNorm_output.npy
2026-08-11 11:30:15,084 INFO [decode after new request join] stage 4 LM head: (3, 1, 1024) -> (3, 1, 151936)
2026-08-11 11:30:15,084 INFO [decode after new request join] stage 4 LM head_input values: dtype=torch.float32, valid_min=-42.3745, valid_max=38.0686, valid_mean=-0.127984, masked_or_nonfinite=0, sample=[2.729802370071411, -28.078882217407227, -1.4058444499969482, -4.526885509490967, 3.043390989303589, -5.254532337188721, 0.9515911340713501, -42.3745231628418]
2026-08-11 11:30:15,085 INFO [decode after new request join] saved stage 4 LM head_input: logs/qwen_context_concat/tensors/decode_after_new_request_join/0185_stage_4_LM_head_input.npy
2026-08-11 11:30:15,086 INFO [decode after new request join] stage 4 LM head_output values: dtype=torch.float32, valid_min=-12.4943, valid_max=21.7361, valid_mean=-0.308431, masked_or_nonfinite=0, sample=[6.441836357116699, 8.870569229125977, 3.0810489654541016, 9.48514461517334, 4.316903591156006, 6.16377067565918, 6.02955436706543, 5.874383449554443]
2026-08-11 11:30:15,087 INFO [decode after new request join] saved stage 4 LM head_output: logs/qwen_context_concat/tensors/decode_after_new_request_join/0186_stage_4_LM_head_output.npy
2026-08-11 11:30:15,087 INFO timing decode after new request join: 300.497 ms
2026-08-11 11:30:15,087 INFO timing new request join total: 441.278 ms
2026-08-11 11:30:15,087 INFO merged decode logits: (3, 1, 151936)
2026-08-11 11:30:15,087 INFO merged decode cache layer 0 K/V: (3, 8, 7, 128) (3, 8, 7, 128)
2026-08-11 11:30:15,087 INFO merged decode cache layer last K/V: (3, 8, 7, 128) (3, 8, 7, 128)
2026-08-11 11:30:15,087 INFO [decode after new request join] stage_4_kv_cache_keys values: dtype=torch.float32, valid_min=-378.795, valid_max=411.28, valid_mean=0.157287, masked_or_nonfinite=0, sample=[1.5751543045043945, 1.8565762042999268, -2.249305248260498, -0.8692079186439514, 0.27112898230552673, 2.326183319091797, 0.3033311665058136, 1.1684484481811523]
2026-08-11 11:30:15,088 INFO [decode after new request join] saved stage_4_kv_cache_keys: logs/qwen_context_concat/tensors/decode_after_new_request_join/0187_stage_4_kv_cache_keys.npy
2026-08-11 11:30:15,088 INFO [decode after new request join] stage_4_kv_cache_values values: dtype=torch.float32, valid_min=-1.31554, valid_max=1.33771, valid_mean=-0.00223948, masked_or_nonfinite=0, sample=[-0.004940202459692955, 0.023698635399341583, -0.13071992993354797, 0.03608980029821396, -0.14278048276901245, -0.06112587824463844, 0.009360814467072487, -0.23092111945152283]
2026-08-11 11:30:15,088 INFO [decode after new request join] saved stage_4_kv_cache_values: logs/qwen_context_concat/tensors/decode_after_new_request_join/0188_stage_4_kv_cache_values.npy
2026-08-11 11:30:15,089 INFO === [old standalone decode] stage 1 input preparation ===
2026-08-11 11:30:15,089 INFO [old standalone decode] position_ids: (2, 1) [[6], [3]]
2026-08-11 11:30:15,089 INFO [old standalone decode] stage_1_input_ids values: dtype=torch.int64, valid_min=825, valid_max=8094, valid_mean=4459.5, masked_or_nonfinite=0, sample=[8094.0, 825.0]
2026-08-11 11:30:15,089 INFO [old standalone decode] saved stage_1_input_ids: logs/qwen_context_concat/tensors/old_standalone_decode/0189_stage_1_input_ids.npy
2026-08-11 11:30:15,089 INFO [old standalone decode] stage_1_attention_mask values: dtype=torch.int64, valid_min=0, valid_max=1, valid_mean=0.785714, masked_or_nonfinite=0, sample=[1.0, 1.0, 1.0, 1.0, 1.0, 1.0, 1.0, 0.0]
2026-08-11 11:30:15,090 INFO [old standalone decode] saved stage_1_attention_mask: logs/qwen_context_concat/tensors/old_standalone_decode/0190_stage_1_attention_mask.npy
2026-08-11 11:30:15,090 INFO [old standalone decode] stage_1_position_ids values: dtype=torch.int64, valid_min=3, valid_max=6, valid_mean=4.5, masked_or_nonfinite=0, sample=[6.0, 3.0]
2026-08-11 11:30:15,090 INFO [old standalone decode] saved stage_1_position_ids: logs/qwen_context_concat/tensors/old_standalone_decode/0191_stage_1_position_ids.npy
2026-08-11 11:30:15,090 INFO [old standalone decode] stage 1 input embedding: (2, 1) -> (2, 1, 1024)
2026-08-11 11:30:15,090 INFO [old standalone decode] stage 1 input embedding_input values: dtype=torch.int64, valid_min=825, valid_max=8094, valid_mean=4459.5, masked_or_nonfinite=0, sample=[8094.0, 825.0]
2026-08-11 11:30:15,091 INFO [old standalone decode] saved stage 1 input embedding_input: logs/qwen_context_concat/tensors/old_standalone_decode/0192_stage_1_input_embedding_input.npy
2026-08-11 11:30:15,091 INFO [old standalone decode] stage 1 input embedding_output values: dtype=torch.float32, valid_min=-0.0839844, valid_max=0.0810547, valid_mean=-0.000373705, masked_or_nonfinite=0, sample=[0.0072021484375, -0.06396484375, 0.0184326171875, 0.037109375, -0.00579833984375, -0.01263427734375, 0.00823974609375, -0.01019287109375]
2026-08-11 11:30:15,091 INFO [old standalone decode] saved stage 1 input embedding_output: logs/qwen_context_concat/tensors/old_standalone_decode/0193_stage_1_input_embedding_output.npy
2026-08-11 11:30:15,093 INFO [old standalone decode] stage 1 RoPE cos/sin: (2, 1, 128) (2, 1, 128)
2026-08-11 11:30:15,093 INFO [old standalone decode] stage_1_rope_cos values: dtype=torch.float32, valid_min=-0.999998, valid_max=1, valid_mean=0.847743, masked_or_nonfinite=0, sample=[0.9601702690124512, 0.1223570853471756, -0.7284790277481079, -0.9999983906745911, -0.8188373446464539, -0.45121702551841736, -0.07219267636537552, 0.24425943195819855]
2026-08-11 11:30:15,094 INFO [old standalone decode] saved stage_1_rope_cos: logs/qwen_context_concat/tensors/old_standalone_decode/0194_stage_1_rope_cos.npy
2026-08-11 11:30:15,094 INFO [old standalone decode] stage_1_rope_sin values: dtype=torch.float32, valid_min=-0.992486, valid_max=1, valid_mean=0.118334, masked_or_nonfinite=0, sample=[-0.279415488243103, -0.9924861192703247, -0.6850680708885193, 0.0017978261457756162, 0.574025571346283, 0.8924142718315125, 0.9973906874656677, 0.9697099328041077]
2026-08-11 11:30:15,094 INFO [old standalone decode] saved stage_1_rope_sin: logs/qwen_context_concat/tensors/old_standalone_decode/0195_stage_1_rope_sin.npy
2026-08-11 11:30:15,094 INFO [old standalone decode] stage 2 decoder.0 input hidden_states: (2, 1, 1024)
2026-08-11 11:30:15,094 INFO [old standalone decode] stage_2_decoder_input_hidden_states values: dtype=torch.float32, valid_min=-0.0839844, valid_max=0.0810547, valid_mean=-0.000373705, masked_or_nonfinite=0, sample=[0.0072021484375, -0.06396484375, 0.0184326171875, 0.037109375, -0.00579833984375, -0.01263427734375, 0.00823974609375, -0.01019287109375]
2026-08-11 11:30:15,094 INFO [old standalone decode] saved stage_2_decoder_input_hidden_states: logs/qwen_context_concat/tensors/old_standalone_decode/0196_stage_2_decoder_input_hidden_states.npy
2026-08-11 11:30:15,094 INFO [old standalone decode] stage 2 attention RMSNorm: (2, 1, 1024) -> (2, 1, 1024)
2026-08-11 11:30:15,095 INFO [old standalone decode] stage 2 attention RMSNorm_input values: dtype=torch.float32, valid_min=-0.0839844, valid_max=0.0810547, valid_mean=-0.000373705, masked_or_nonfinite=0, sample=[0.0072021484375, -0.06396484375, 0.0184326171875, 0.037109375, -0.00579833984375, -0.01263427734375, 0.00823974609375, -0.01019287109375]
2026-08-11 11:30:15,095 INFO [old standalone decode] saved stage 2 attention RMSNorm_input: logs/qwen_context_concat/tensors/old_standalone_decode/0197_stage_2_attention_RMSNorm_input.npy
2026-08-11 11:30:15,095 INFO [old standalone decode] stage 2 attention RMSNorm_output values: dtype=torch.float32, valid_min=-2.88682, valid_max=1.25881, valid_mean=-0.00769817, masked_or_nonfinite=0, sample=[0.037054840475320816, -1.7141468524932861, 0.4120899736881256, 1.0219383239746094, -0.04442650079727173, -0.30490610003471375, 0.09271618723869324, -0.3818081319332123]
2026-08-11 11:30:15,095 INFO [old standalone decode] saved stage 2 attention RMSNorm_output: logs/qwen_context_concat/tensors/old_standalone_decode/0198_stage_2_attention_RMSNorm_output.npy
2026-08-11 11:30:15,095 INFO [old standalone decode] stage 2 attention input: (2, 1, 1024), mask: (2, 1, 1, 7), cache_position: [6]
2026-08-11 11:30:15,095 INFO [old standalone decode] stage_2_attention_input_hidden_states values: dtype=torch.float32, valid_min=-2.88682, valid_max=1.25881, valid_mean=-0.00769817, masked_or_nonfinite=0, sample=[0.037054840475320816, -1.7141468524932861, 0.4120899736881256, 1.0219383239746094, -0.04442650079727173, -0.30490610003471375, 0.09271618723869324, -0.3818081319332123]
2026-08-11 11:30:15,095 INFO [old standalone decode] saved stage_2_attention_input_hidden_states: logs/qwen_context_concat/tensors/old_standalone_decode/0199_stage_2_attention_input_hidden_states.npy
2026-08-11 11:30:15,095 INFO [old standalone decode] stage_2_attention_mask values: dtype=torch.float32, valid_min=0, valid_max=0, valid_mean=0, masked_or_nonfinite=3, sample=[0.0, 0.0, 0.0, 0.0, 0.0, 0.0, 0.0, -3.4028234663852886e+38]
2026-08-11 11:30:15,096 INFO [old standalone decode] saved stage_2_attention_mask: logs/qwen_context_concat/tensors/old_standalone_decode/0200_stage_2_attention_mask.npy
2026-08-11 11:30:15,096 INFO [old standalone decode] Q projection: (2, 1, 1024) -> (2, 1, 2048)
2026-08-11 11:30:15,096 INFO [old standalone decode] Q projection_input values: dtype=torch.float32, valid_min=-2.88682, valid_max=1.25881, valid_mean=-0.00769817, masked_or_nonfinite=0, sample=[0.037054840475320816, -1.7141468524932861, 0.4120899736881256, 1.0219383239746094, -0.04442650079727173, -0.30490610003471375, 0.09271618723869324, -0.3818081319332123]
2026-08-11 11:30:15,096 INFO [old standalone decode] saved Q projection_input: logs/qwen_context_concat/tensors/old_standalone_decode/0201_Q_projection_input.npy
2026-08-11 11:30:15,096 INFO [old standalone decode] Q projection_output values: dtype=torch.float32, valid_min=-4.89234, valid_max=5.20484, valid_mean=-0.00632666, masked_or_nonfinite=0, sample=[-0.023984920233488083, 0.05118995159864426, 0.019235670566558838, -0.037279900163412094, 0.004130927845835686, 0.06645553559064865, 0.045259006321430206, 0.017632484436035156]
2026-08-11 11:30:15,097 INFO [old standalone decode] saved Q projection_output: logs/qwen_context_concat/tensors/old_standalone_decode/0202_Q_projection_output.npy
2026-08-11 11:30:15,097 INFO [old standalone decode] Q RMSNorm: (2, 1, 16, 128) -> (2, 1, 16, 128)
2026-08-11 11:30:15,097 INFO [old standalone decode] Q RMSNorm_input values: dtype=torch.float32, valid_min=-4.89234, valid_max=5.20484, valid_mean=-0.00632666, masked_or_nonfinite=0, sample=[-0.023984920233488083, 0.05118995159864426, 0.019235670566558838, -0.037279900163412094, 0.004130927845835686, 0.06645553559064865, 0.045259006321430206, 0.017632484436035156]
2026-08-11 11:30:15,097 INFO [old standalone decode] saved Q RMSNorm_input: logs/qwen_context_concat/tensors/old_standalone_decode/0203_Q_RMSNorm_input.npy
2026-08-11 11:30:15,097 INFO [old standalone decode] Q RMSNorm_output values: dtype=torch.float32, valid_min=-27.2908, valid_max=24.1703, valid_mean=-0.0286322, masked_or_nonfinite=0, sample=[-0.4593828320503235, 0.26877591013908386, -0.05970953404903412, -0.2683735489845276, 0.04528915137052536, 0.43670958280563354, 0.2092384696006775, 0.10888388752937317]
2026-08-11 11:30:15,097 INFO [old standalone decode] saved Q RMSNorm_output: logs/qwen_context_concat/tensors/old_standalone_decode/0204_Q_RMSNorm_output.npy
2026-08-11 11:30:15,098 INFO [old standalone decode] K projection: (2, 1, 1024) -> (2, 1, 1024)
2026-08-11 11:30:15,098 INFO [old standalone decode] K projection_input values: dtype=torch.float32, valid_min=-2.88682, valid_max=1.25881, valid_mean=-0.00769817, masked_or_nonfinite=0, sample=[0.037054840475320816, -1.7141468524932861, 0.4120899736881256, 1.0219383239746094, -0.04442650079727173, -0.30490610003471375, 0.09271618723869324, -0.3818081319332123]
2026-08-11 11:30:15,098 INFO [old standalone decode] saved K projection_input: logs/qwen_context_concat/tensors/old_standalone_decode/0205_K_projection_input.npy
2026-08-11 11:30:15,098 INFO [old standalone decode] K projection_output values: dtype=torch.float32, valid_min=-2.45187, valid_max=2.98183, valid_mean=0.0067476, masked_or_nonfinite=0, sample=[0.7415913343429565, 0.47938865423202515, -0.16503360867500305, -0.34353962540626526, 0.22183294594287872, 0.319443941116333, -0.22149282693862915, 0.132830411195755]
2026-08-11 11:30:15,098 INFO [old standalone decode] saved K projection_output: logs/qwen_context_concat/tensors/old_standalone_decode/0206_K_projection_output.npy
2026-08-11 11:30:15,098 INFO [old standalone decode] K RMSNorm: (2, 1, 8, 128) -> (2, 1, 8, 128)
2026-08-11 11:30:15,099 INFO [old standalone decode] K RMSNorm_input values: dtype=torch.float32, valid_min=-2.45187, valid_max=2.98183, valid_mean=0.0067476, masked_or_nonfinite=0, sample=[0.7415913343429565, 0.47938865423202515, -0.16503360867500305, -0.34353962540626526, 0.22183294594287872, 0.319443941116333, -0.22149282693862915, 0.132830411195755]
2026-08-11 11:30:15,099 INFO [old standalone decode] saved K RMSNorm_input: logs/qwen_context_concat/tensors/old_standalone_decode/0207_K_RMSNorm_input.npy
2026-08-11 11:30:15,099 INFO [old standalone decode] K RMSNorm_output values: dtype=torch.float32, valid_min=-217.379, valid_max=406.865, valid_mean=0.21096, masked_or_nonfinite=0, sample=[2.026049852371216, 2.3511555194854736, -1.5318946838378906, -1.4587266445159912, 0.8214591145515442, 1.7034015655517578, -1.997641682624817, 0.673326313495636]
2026-08-11 11:30:15,099 INFO [old standalone decode] saved K RMSNorm_output: logs/qwen_context_concat/tensors/old_standalone_decode/0208_K_RMSNorm_output.npy
2026-08-11 11:30:15,099 INFO [old standalone decode] V projection: (2, 1, 1024) -> (2, 1, 1024)
2026-08-11 11:30:15,099 INFO [old standalone decode] V projection_input values: dtype=torch.float32, valid_min=-2.88682, valid_max=1.25881, valid_mean=-0.00769817, masked_or_nonfinite=0, sample=[0.037054840475320816, -1.7141468524932861, 0.4120899736881256, 1.0219383239746094, -0.04442650079727173, -0.30490610003471375, 0.09271618723869324, -0.3818081319332123]
2026-08-11 11:30:15,100 INFO [old standalone decode] saved V projection_input: logs/qwen_context_concat/tensors/old_standalone_decode/0209_V_projection_input.npy
2026-08-11 11:30:15,100 INFO [old standalone decode] V projection_output values: dtype=torch.float32, valid_min=-0.707749, valid_max=0.670521, valid_mean=-0.004829, masked_or_nonfinite=0, sample=[-0.13003292679786682, 0.18275219202041626, -0.05787096172571182, -0.06866709887981415, -0.10471854358911514, 0.07863248139619827, -0.026979748159646988, -0.020689688622951508]
2026-08-11 11:30:15,100 INFO [old standalone decode] saved V projection_output: logs/qwen_context_concat/tensors/old_standalone_decode/0210_V_projection_output.npy
2026-08-11 11:30:15,100 INFO [old standalone decode] stage 2 Q after RoPE: (2, 16, 1, 128)
2026-08-11 11:30:15,100 INFO [old standalone decode] stage 2 K/V after RoPE and cache: (2, 8, 7, 128) (2, 8, 7, 128)
2026-08-11 11:30:15,100 INFO [old standalone decode] stage 2 attention scores before mask/softmax: (2, 16, 1, 7)
2026-08-11 11:30:15,100 INFO [old standalone decode] stage_2_query_after_rope values: dtype=torch.float32, valid_min=-27.2908, valid_max=24.1708, valid_mean=-0.0198095, masked_or_nonfinite=0, sample=[-0.48981285095214844, -0.14281953871250153, 0.022368792444467545, 0.2687987983226776, 0.1670549511909485, -0.09388791024684906, 0.45423001050949097, -0.3416404128074646]
2026-08-11 11:30:15,101 INFO [old standalone decode] saved stage_2_query_after_rope: logs/qwen_context_concat/tensors/old_standalone_decode/0211_stage_2_query_after_rope.npy
2026-08-11 11:30:15,101 INFO [old standalone decode] stage_2_key_after_rope_and_cache values: dtype=torch.float32, valid_min=-265.466, valid_max=411.28, valid_mean=0.248184, masked_or_nonfinite=0, sample=[1.5751543045043945, 1.8565762042999268, -2.249305248260498, -0.8692079186439514, 0.27112898230552673, 2.326183319091797, 0.3033311665058136, 1.1684484481811523]
2026-08-11 11:30:15,101 INFO [old standalone decode] saved stage_2_key_after_rope_and_cache: logs/qwen_context_concat/tensors/old_standalone_decode/0212_stage_2_key_after_rope_and_cache.npy
2026-08-11 11:30:15,101 INFO [old standalone decode] stage_2_value_after_cache values: dtype=torch.float32, valid_min=-0.845751, valid_max=0.670521, valid_mean=-0.00320007, masked_or_nonfinite=0, sample=[-0.004940202459692955, 0.023698635399341583, -0.13071992993354797, 0.03608980029821396, -0.14278048276901245, -0.06112587824463844, 0.009360814467072487, -0.23092111945152283]
2026-08-11 11:30:15,101 INFO [old standalone decode] saved stage_2_value_after_cache: logs/qwen_context_concat/tensors/old_standalone_decode/0213_stage_2_value_after_cache.npy
2026-08-11 11:30:15,102 INFO [old standalone decode] stage_2_attention_scores_before_mask values: dtype=torch.float32, valid_min=-3.23853, valid_max=41.9023, valid_mean=8.75114, masked_or_nonfinite=0, sample=[5.44205379486084, 5.969071865081787, 7.329407691955566, 6.203959941864014, 6.011296272277832, 7.257949352264404, 5.623087406158447, 8.06410026550293]
2026-08-11 11:30:15,102 INFO [old standalone decode] saved stage_2_attention_scores_before_mask: logs/qwen_context_concat/tensors/old_standalone_decode/0214_stage_2_attention_scores_before_mask.npy
2026-08-11 11:30:15,102 INFO [old standalone decode] stage_2_attention_scores_after_mask values: dtype=torch.float32, valid_min=-3.23853, valid_max=41.9023, valid_mean=10.3734, masked_or_nonfinite=48, sample=[5.44205379486084, 5.969071865081787, 7.329407691955566, 6.203959941864014, 6.011296272277832, 7.257949352264404, 5.623087406158447, 8.06410026550293]
2026-08-11 11:30:15,102 INFO [old standalone decode] saved stage_2_attention_scores_after_mask: logs/qwen_context_concat/tensors/old_standalone_decode/0215_stage_2_attention_scores_after_mask.npy
2026-08-11 11:30:15,102 INFO [old standalone decode] stage 2 attention weights after softmax: (2, 16, 1, 7)
2026-08-11 11:30:15,103 INFO [old standalone decode] stage 2 attention context before O projection: (2, 1, 16, 128)
2026-08-11 11:30:15,103 INFO [old standalone decode] stage_2_attention_weights_after_softmax values: dtype=torch.float32, valid_min=0, valid_max=0.99851, valid_mean=0.142857, masked_or_nonfinite=0, sample=[0.04866164177656174, 0.08242667466402054, 0.3212581276893616, 0.10425055772066116, 0.08598162233829498, 0.2991025745868683, 0.058318812400102615, 0.0007418421446345747]
2026-08-11 11:30:15,103 INFO [old standalone decode] saved stage_2_attention_weights_after_softmax: logs/qwen_context_concat/tensors/old_standalone_decode/0216_stage_2_attention_weights_after_softmax.npy
2026-08-11 11:30:15,103 INFO [old standalone decode] stage_2_attention_context_before_o_projection values: dtype=torch.float32, valid_min=-0.781712, valid_max=0.663168, valid_mean=-0.00359471, masked_or_nonfinite=0, sample=[-0.09339960664510727, 0.028819236904382706, -0.012078004889190197, -0.015279802493751049, -0.020092694088816643, -0.01874595135450363, 0.04094930365681648, 0.07078414410352707]
2026-08-11 11:30:15,103 INFO [old standalone decode] saved stage_2_attention_context_before_o_projection: logs/qwen_context_concat/tensors/old_standalone_decode/0217_stage_2_attention_context_before_o_projection.npy
2026-08-11 11:30:15,104 INFO [old standalone decode] attention O projection: (2, 1, 2048) -> (2, 1, 1024)
2026-08-11 11:30:15,104 INFO [old standalone decode] attention O projection_input values: dtype=torch.float32, valid_min=-0.781712, valid_max=0.663168, valid_mean=-0.00359471, masked_or_nonfinite=0, sample=[-0.09339960664510727, 0.028819236904382706, -0.012078004889190197, -0.015279802493751049, -0.020092694088816643, -0.01874595135450363, 0.04094930365681648, 0.07078414410352707]
2026-08-11 11:30:15,104 INFO [old standalone decode] saved attention O projection_input: logs/qwen_context_concat/tensors/old_standalone_decode/0218_attention_O_projection_input.npy
2026-08-11 11:30:15,104 INFO [old standalone decode] attention O projection_output values: dtype=torch.float32, valid_min=-1.20691, valid_max=1.86161, valid_mean=0.00167305, masked_or_nonfinite=0, sample=[-0.20185846090316772, 0.3217300772666931, -0.4977032244205475, -0.15360651910305023, 0.051352813839912415, 0.02716916799545288, 0.29247063398361206, -0.44974198937416077]
2026-08-11 11:30:15,104 INFO [old standalone decode] saved attention O projection_output: logs/qwen_context_concat/tensors/old_standalone_decode/0219_attention_O_projection_output.npy
2026-08-11 11:30:15,104 INFO [old standalone decode] stage 2 self-attention output: (2, 1, 1024)
2026-08-11 11:30:15,105 INFO [old standalone decode] stage_2_self_attention_output values: dtype=torch.float32, valid_min=-1.20691, valid_max=1.86161, valid_mean=0.00167305, masked_or_nonfinite=0, sample=[-0.20185846090316772, 0.3217300772666931, -0.4977032244205475, -0.15360651910305023, 0.051352813839912415, 0.02716916799545288, 0.29247063398361206, -0.44974198937416077]
2026-08-11 11:30:15,105 INFO [old standalone decode] saved stage_2_self_attention_output: logs/qwen_context_concat/tensors/old_standalone_decode/0220_stage_2_self_attention_output.npy
2026-08-11 11:30:15,105 INFO [old standalone decode] stage 3 MLP RMSNorm: (2, 1, 1024) -> (2, 1, 1024)
2026-08-11 11:30:15,105 INFO [old standalone decode] stage 3 MLP RMSNorm_input values: dtype=torch.float32, valid_min=-1.22424, valid_max=1.83805, valid_mean=0.00129934, masked_or_nonfinite=0, sample=[-0.19465631246566772, 0.2577652335166931, -0.4792706072330475, -0.11649714410305023, 0.045554473996162415, 0.01453489065170288, 0.30071038007736206, -0.45993486046791077]
2026-08-11 11:30:15,105 INFO [old standalone decode] saved stage 3 MLP RMSNorm_input: logs/qwen_context_concat/tensors/old_standalone_decode/0221_stage_3_MLP_RMSNorm_input.npy
2026-08-11 11:30:15,105 INFO [old standalone decode] stage 3 MLP RMSNorm_output values: dtype=torch.float32, valid_min=-7.41739, valid_max=4.59429, valid_mean=-0.00367555, masked_or_nonfinite=0, sample=[-0.4273884892463684, 0.0009643580415286124, 3.30843186378479, -0.4084087908267975, 0.107016921043396, 0.06829094886779785, 0.7172992825508118, -1.3880044221878052]
2026-08-11 11:30:15,106 INFO [old standalone decode] saved stage 3 MLP RMSNorm_output: logs/qwen_context_concat/tensors/old_standalone_decode/0222_stage_3_MLP_RMSNorm_output.npy
2026-08-11 11:30:15,106 INFO [old standalone decode] MLP gate projection: (2, 1, 1024) -> (2, 1, 3072)
2026-08-11 11:30:15,106 INFO [old standalone decode] MLP gate projection_input values: dtype=torch.float32, valid_min=-7.41739, valid_max=4.59429, valid_mean=-0.00367555, masked_or_nonfinite=0, sample=[-0.4273884892463684, 0.0009643580415286124, 3.30843186378479, -0.4084087908267975, 0.107016921043396, 0.06829094886779785, 0.7172992825508118, -1.3880044221878052]
2026-08-11 11:30:15,106 INFO [old standalone decode] saved MLP gate projection_input: logs/qwen_context_concat/tensors/old_standalone_decode/0223_MLP_gate_projection_input.npy
2026-08-11 11:30:15,107 INFO [old standalone decode] MLP gate projection_output values: dtype=torch.float32, valid_min=-4.3896, valid_max=2.19215, valid_mean=-0.580727, masked_or_nonfinite=0, sample=[-1.6825077533721924, -0.1763540804386139, 0.5373302698135376, -0.9495529532432556, -0.11396048963069916, 0.17514660954475403, -1.2666457891464233, -0.627098560333252]
2026-08-11 11:30:15,107 INFO [old standalone decode] saved MLP gate projection_output: logs/qwen_context_concat/tensors/old_standalone_decode/0224_MLP_gate_projection_output.npy
2026-08-11 11:30:15,107 INFO [old standalone decode] MLP up projection: (2, 1, 1024) -> (2, 1, 3072)
2026-08-11 11:30:15,108 INFO [old standalone decode] MLP up projection_input values: dtype=torch.float32, valid_min=-7.41739, valid_max=4.59429, valid_mean=-0.00367555, masked_or_nonfinite=0, sample=[-0.4273884892463684, 0.0009643580415286124, 3.30843186378479, -0.4084087908267975, 0.107016921043396, 0.06829094886779785, 0.7172992825508118, -1.3880044221878052]
2026-08-11 11:30:15,108 INFO [old standalone decode] saved MLP up projection_input: logs/qwen_context_concat/tensors/old_standalone_decode/0225_MLP_up_projection_input.npy
2026-08-11 11:30:15,108 INFO [old standalone decode] MLP up projection_output values: dtype=torch.float32, valid_min=-2.60922, valid_max=2.52278, valid_mean=-0.0031966, masked_or_nonfinite=0, sample=[1.1026753187179565, -1.3079493045806885, -0.08684250712394714, -0.1289665699005127, 0.4301629364490509, 0.16637854278087616, 0.3894011378288269, -0.31607750058174133]
2026-08-11 11:30:15,108 INFO [old standalone decode] saved MLP up projection_output: logs/qwen_context_concat/tensors/old_standalone_decode/0226_MLP_up_projection_output.npy
2026-08-11 11:30:15,109 INFO [old standalone decode] stage 3 MLP SiLU(gate) * up: (2, 1, 3072)
2026-08-11 11:30:15,109 INFO [old standalone decode] stage 3 MLP down projection output: (2, 1, 1024)
2026-08-11 11:30:15,109 INFO [old standalone decode] stage_3_mlp_swiglu_output values: dtype=torch.float32, valid_min=-1.92717, valid_max=2.08201, valid_mean=-0.00013022, masked_or_nonfinite=0, sample=[-0.2908373773097992, 0.10518781840801239, -0.0294533409178257, 0.03416340798139572, -0.023115666583180428, 0.015843037515878677, -0.10842844843864441, 0.0690111294388771]
2026-08-11 11:30:15,109 INFO [old standalone decode] saved stage_3_mlp_swiglu_output: logs/qwen_context_concat/tensors/old_standalone_decode/0227_stage_3_mlp_swiglu_output.npy
2026-08-11 11:30:15,109 INFO [old standalone decode] stage_3_mlp_down_projection_output values: dtype=torch.float32, valid_min=-0.530113, valid_max=1.27506, valid_mean=-0.00740502, masked_or_nonfinite=0, sample=[-0.03553053364157677, -0.14021913707256317, 0.25027692317962646, -0.28112703561782837, -0.05969172716140747, 0.02026791125535965, -0.045860156416893005, -0.20762144029140472]
2026-08-11 11:30:15,109 INFO [old standalone decode] saved stage_3_mlp_down_projection_output: logs/qwen_context_concat/tensors/old_standalone_decode/0228_stage_3_mlp_down_projection_output.npy
2026-08-11 11:30:15,109 INFO [old standalone decode] stage 3 decoder.0 output hidden_states: (2, 1, 1024)
2026-08-11 11:30:15,110 INFO [old standalone decode] stage_3_decoder_output_hidden_states values: dtype=torch.float32, valid_min=-1.60561, valid_max=3.11311, valid_mean=-0.00610568, masked_or_nonfinite=0, sample=[-0.2301868498325348, 0.11754609644412994, -0.22899368405342102, -0.3976241946220398, -0.014137253165245056, 0.03480280190706253, 0.25485020875930786, -0.6675562858581543]
2026-08-11 11:30:15,110 INFO [old standalone decode] saved stage_3_decoder_output_hidden_states: logs/qwen_context_concat/tensors/old_standalone_decode/0229_stage_3_decoder_output_hidden_states.npy
2026-08-11 11:30:15,161 INFO [old standalone decode] stage 4 final RMSNorm: (2, 1, 1024) -> (2, 1, 1024)
2026-08-11 11:30:15,161 INFO [old standalone decode] stage 4 final RMSNorm_input values: dtype=torch.float32, valid_min=-62.8177, valid_max=379.109, valid_mean=0.182836, masked_or_nonfinite=0, sample=[12.011835098266602, -31.7711181640625, 213.18191528320312, -11.673727035522461, 18.54237174987793, -14.006162643432617, 2.7336483001708984, -62.81769561767578]
2026-08-11 11:30:15,162 INFO [old standalone decode] saved stage 4 final RMSNorm_input: logs/qwen_context_concat/tensors/old_standalone_decode/0230_stage_4_final_RMSNorm_input.npy
2026-08-11 11:30:15,162 INFO [old standalone decode] stage 4 final RMSNorm_output values: dtype=torch.float32, valid_min=-42.3745, valid_max=21.2119, valid_mean=-0.163414, masked_or_nonfinite=0, sample=[2.7298011779785156, -28.078874588012695, -1.405844807624817, -4.526881217956543, 3.043391227722168, -5.2545270919799805, 0.9515926837921143, -42.37451171875]
2026-08-11 11:30:15,162 INFO [old standalone decode] saved stage 4 final RMSNorm_output: logs/qwen_context_concat/tensors/old_standalone_decode/0231_stage_4_final_RMSNorm_output.npy
2026-08-11 11:30:15,175 INFO [old standalone decode] stage 4 LM head: (2, 1, 1024) -> (2, 1, 151936)
2026-08-11 11:30:15,175 INFO [old standalone decode] stage 4 LM head_input values: dtype=torch.float32, valid_min=-42.3745, valid_max=21.2119, valid_mean=-0.163414, masked_or_nonfinite=0, sample=[2.7298011779785156, -28.078874588012695, -1.405844807624817, -4.526881217956543, 3.043391227722168, -5.2545270919799805, 0.9515926837921143, -42.37451171875]
2026-08-11 11:30:15,176 INFO [old standalone decode] saved stage 4 LM head_input: logs/qwen_context_concat/tensors/old_standalone_decode/0232_stage_4_LM_head_input.npy
2026-08-11 11:30:15,177 INFO [old standalone decode] stage 4 LM head_output values: dtype=torch.float32, valid_min=-12.4943, valid_max=21.7361, valid_mean=-0.931942, masked_or_nonfinite=0, sample=[6.441834926605225, 8.870567321777344, 3.0810494422912598, 9.48514461517334, 4.3169026374816895, 6.163769245147705, 6.02955436706543, 5.874381065368652]
2026-08-11 11:30:15,177 INFO [old standalone decode] saved stage 4 LM head_output: logs/qwen_context_concat/tensors/old_standalone_decode/0233_stage_4_LM_head_output.npy
2026-08-11 11:30:15,178 INFO === [new standalone decode] stage 1 input preparation ===
2026-08-11 11:30:15,178 INFO [new standalone decode] position_ids: (1, 1) [[2]]
2026-08-11 11:30:15,178 INFO [new standalone decode] stage_1_input_ids values: dtype=torch.int64, valid_min=198, valid_max=198, valid_mean=198, masked_or_nonfinite=0, sample=[198.0]
2026-08-11 11:30:15,178 INFO [new standalone decode] saved stage_1_input_ids: logs/qwen_context_concat/tensors/new_standalone_decode/0234_stage_1_input_ids.npy
2026-08-11 11:30:15,179 INFO [new standalone decode] stage_1_attention_mask values: dtype=torch.int64, valid_min=1, valid_max=1, valid_mean=1, masked_or_nonfinite=0, sample=[1.0, 1.0, 1.0]
2026-08-11 11:30:15,179 INFO [new standalone decode] saved stage_1_attention_mask: logs/qwen_context_concat/tensors/new_standalone_decode/0235_stage_1_attention_mask.npy
2026-08-11 11:30:15,179 INFO [new standalone decode] stage_1_position_ids values: dtype=torch.int64, valid_min=2, valid_max=2, valid_mean=2, masked_or_nonfinite=0, sample=[2.0]
2026-08-11 11:30:15,179 INFO [new standalone decode] saved stage_1_position_ids: logs/qwen_context_concat/tensors/new_standalone_decode/0236_stage_1_position_ids.npy
2026-08-11 11:30:15,179 INFO [new standalone decode] stage 1 input embedding: (1, 1) -> (1, 1, 1024)
2026-08-11 11:30:15,179 INFO [new standalone decode] stage 1 input embedding_input values: dtype=torch.int64, valid_min=198, valid_max=198, valid_mean=198, masked_or_nonfinite=0, sample=[198.0]
2026-08-11 11:30:15,180 INFO [new standalone decode] saved stage 1 input embedding_input: logs/qwen_context_concat/tensors/new_standalone_decode/0237_stage_1_input_embedding_input.npy
2026-08-11 11:30:15,180 INFO [new standalone decode] stage 1 input embedding_output values: dtype=torch.float32, valid_min=-0.0703125, valid_max=0.0693359, valid_mean=-7.82018e-05, masked_or_nonfinite=0, sample=[-0.04150390625, 0.05224609375, -0.0634765625, -0.03857421875, 0.024658203125, -0.005218505859375, -0.062255859375, -0.0206298828125]
2026-08-11 11:30:15,180 INFO [new standalone decode] saved stage 1 input embedding_output: logs/qwen_context_concat/tensors/new_standalone_decode/0238_stage_1_input_embedding_output.npy
2026-08-11 11:30:15,182 INFO [new standalone decode] stage 1 RoPE cos/sin: (1, 1, 128) (1, 1, 128)
2026-08-11 11:30:15,182 INFO [new standalone decode] stage_1_rope_cos values: dtype=torch.float32, valid_min=-0.416147, valid_max=1, valid_mean=0.927087, masked_or_nonfinite=0, sample=[-0.416146844625473, -0.04087672382593155, 0.268690288066864, 0.5005188584327698, 0.664932370185852, 0.7777979969978333, 0.8537328243255615, 0.904177188873291]
2026-08-11 11:30:15,183 INFO [new standalone decode] saved stage_1_rope_cos: logs/qwen_context_concat/tensors/new_standalone_decode/0239_stage_1_rope_cos.npy
2026-08-11 11:30:15,183 INFO [new standalone decode] stage_1_rope_sin values: dtype=torch.float32, valid_min=2.48188e-06, valid_max=0.999164, valid_mean=0.123075, masked_or_nonfinite=0, sample=[0.9092974066734314, 0.9991641640663147, 0.9632266163825989, 0.8657256364822388, 0.7469035387039185, 0.6285143494606018, 0.520711362361908, 0.42715758085250854]
2026-08-11 11:30:15,183 INFO [new standalone decode] saved stage_1_rope_sin: logs/qwen_context_concat/tensors/new_standalone_decode/0240_stage_1_rope_sin.npy
2026-08-11 11:30:15,183 INFO [new standalone decode] stage 2 decoder.0 input hidden_states: (1, 1, 1024)
2026-08-11 11:30:15,183 INFO [new standalone decode] stage_2_decoder_input_hidden_states values: dtype=torch.float32, valid_min=-0.0703125, valid_max=0.0693359, valid_mean=-7.82018e-05, masked_or_nonfinite=0, sample=[-0.04150390625, 0.05224609375, -0.0634765625, -0.03857421875, 0.024658203125, -0.005218505859375, -0.062255859375, -0.0206298828125]
2026-08-11 11:30:15,183 INFO [new standalone decode] saved stage_2_decoder_input_hidden_states: logs/qwen_context_concat/tensors/new_standalone_decode/0241_stage_2_decoder_input_hidden_states.npy
2026-08-11 11:30:15,183 INFO [new standalone decode] stage 2 attention RMSNorm: (1, 1, 1024) -> (1, 1, 1024)
2026-08-11 11:30:15,184 INFO [new standalone decode] stage 2 attention RMSNorm_input values: dtype=torch.float32, valid_min=-0.0703125, valid_max=0.0693359, valid_mean=-7.82018e-05, masked_or_nonfinite=0, sample=[-0.04150390625, 0.05224609375, -0.0634765625, -0.03857421875, 0.024658203125, -0.005218505859375, -0.062255859375, -0.0206298828125]
2026-08-11 11:30:15,184 INFO [new standalone decode] saved stage 2 attention RMSNorm_input: logs/qwen_context_concat/tensors/new_standalone_decode/0242_stage_2_attention_RMSNorm_input.npy
2026-08-11 11:30:15,184 INFO [new standalone decode] stage 2 attention RMSNorm_output values: dtype=torch.float32, valid_min=-1.83719, valid_max=1.20348, valid_mean=-0.00243269, masked_or_nonfinite=0, sample=[-0.1835479885339737, 1.2034783363342285, -1.2198212146759033, -0.9130949378013611, 0.1623968631029129, -0.10825292021036148, -0.6021429896354675, -0.6642370820045471]
2026-08-11 11:30:15,184 INFO [new standalone decode] saved stage 2 attention RMSNorm_output: logs/qwen_context_concat/tensors/new_standalone_decode/0243_stage_2_attention_RMSNorm_output.npy
2026-08-11 11:30:15,184 INFO [new standalone decode] stage 2 attention input: (1, 1, 1024), mask: (1, 1, 1, 3), cache_position: [2]
2026-08-11 11:30:15,184 INFO [new standalone decode] stage_2_attention_input_hidden_states values: dtype=torch.float32, valid_min=-1.83719, valid_max=1.20348, valid_mean=-0.00243269, masked_or_nonfinite=0, sample=[-0.1835479885339737, 1.2034783363342285, -1.2198212146759033, -0.9130949378013611, 0.1623968631029129, -0.10825292021036148, -0.6021429896354675, -0.6642370820045471]
2026-08-11 11:30:15,184 INFO [new standalone decode] saved stage_2_attention_input_hidden_states: logs/qwen_context_concat/tensors/new_standalone_decode/0244_stage_2_attention_input_hidden_states.npy
2026-08-11 11:30:15,184 INFO [new standalone decode] stage_2_attention_mask values: dtype=torch.float32, valid_min=0, valid_max=0, valid_mean=0, masked_or_nonfinite=0, sample=[0.0, 0.0, 0.0]
2026-08-11 11:30:15,185 INFO [new standalone decode] saved stage_2_attention_mask: logs/qwen_context_concat/tensors/new_standalone_decode/0245_stage_2_attention_mask.npy
2026-08-11 11:30:15,185 INFO [new standalone decode] Q projection: (1, 1, 1024) -> (1, 1, 2048)
2026-08-11 11:30:15,185 INFO [new standalone decode] Q projection_input values: dtype=torch.float32, valid_min=-1.83719, valid_max=1.20348, valid_mean=-0.00243269, masked_or_nonfinite=0, sample=[-0.1835479885339737, 1.2034783363342285, -1.2198212146759033, -0.9130949378013611, 0.1623968631029129, -0.10825292021036148, -0.6021429896354675, -0.6642370820045471]
2026-08-11 11:30:15,185 INFO [new standalone decode] saved Q projection_input: logs/qwen_context_concat/tensors/new_standalone_decode/0246_Q_projection_input.npy
2026-08-11 11:30:15,185 INFO [new standalone decode] Q projection_output values: dtype=torch.float32, valid_min=-6.33198, valid_max=5.01269, valid_mean=-0.0135778, masked_or_nonfinite=0, sample=[-0.00685788132250309, -0.04077496752142906, -0.021059438586235046, 0.015168752521276474, -0.03391203656792641, -0.005969692021608353, -0.062353476881980896, 0.05238741636276245]
2026-08-11 11:30:15,186 INFO [new standalone decode] saved Q projection_output: logs/qwen_context_concat/tensors/new_standalone_decode/0247_Q_projection_output.npy
2026-08-11 11:30:15,186 INFO [new standalone decode] Q RMSNorm: (1, 1, 16, 128) -> (1, 1, 16, 128)
2026-08-11 11:30:15,186 INFO [new standalone decode] Q RMSNorm_input values: dtype=torch.float32, valid_min=-6.33198, valid_max=5.01269, valid_mean=-0.0135778, masked_or_nonfinite=0, sample=[-0.00685788132250309, -0.04077496752142906, -0.021059438586235046, 0.015168752521276474, -0.03391203656792641, -0.005969692021608353, -0.062353476881980896, 0.05238741636276245]
2026-08-11 11:30:15,186 INFO [new standalone decode] saved Q RMSNorm_input: logs/qwen_context_concat/tensors/new_standalone_decode/0248_Q_RMSNorm_input.npy
2026-08-11 11:30:15,186 INFO [new standalone decode] Q RMSNorm_output values: dtype=torch.float32, valid_min=-28.6644, valid_max=29.5963, valid_mean=-0.0312398, masked_or_nonfinite=0, sample=[-0.10625625401735306, -0.17319178581237793, 0.05288240686058998, 0.08833704888820648, -0.3007658123970032, -0.03173522278666496, -0.23319822549819946, 0.261700838804245]
2026-08-11 11:30:15,186 INFO [new standalone decode] saved Q RMSNorm_output: logs/qwen_context_concat/tensors/new_standalone_decode/0249_Q_RMSNorm_output.npy
2026-08-11 11:30:15,186 INFO [new standalone decode] K projection: (1, 1, 1024) -> (1, 1, 1024)
2026-08-11 11:30:15,187 INFO [new standalone decode] K projection_input values: dtype=torch.float32, valid_min=-1.83719, valid_max=1.20348, valid_mean=-0.00243269, masked_or_nonfinite=0, sample=[-0.1835479885339737, 1.2034783363342285, -1.2198212146759033, -0.9130949378013611, 0.1623968631029129, -0.10825292021036148, -0.6021429896354675, -0.6642370820045471]
2026-08-11 11:30:15,187 INFO [new standalone decode] saved K projection_input: logs/qwen_context_concat/tensors/new_standalone_decode/0250_K_projection_input.npy
2026-08-11 11:30:15,187 INFO [new standalone decode] K projection_output values: dtype=torch.float32, valid_min=-3.35797, valid_max=5.52731, valid_mean=0.0133891, masked_or_nonfinite=0, sample=[0.12138939648866653, 0.0690503865480423, -0.0021884143352508545, -0.18916623294353485, 0.052508361637592316, 0.11679580062627792, -0.04432959109544754, 0.05168052762746811]
2026-08-11 11:30:15,187 INFO [new standalone decode] saved K projection_output: logs/qwen_context_concat/tensors/new_standalone_decode/0251_K_projection_output.npy
2026-08-11 11:30:15,187 INFO [new standalone decode] K RMSNorm: (1, 1, 8, 128) -> (1, 1, 8, 128)
2026-08-11 11:30:15,187 INFO [new standalone decode] K RMSNorm_input values: dtype=torch.float32, valid_min=-3.35797, valid_max=5.52731, valid_mean=0.0133891, masked_or_nonfinite=0, sample=[0.12138939648866653, 0.0690503865480423, -0.0021884143352508545, -0.18916623294353485, 0.052508361637592316, 0.11679580062627792, -0.04432959109544754, 0.05168052762746811]
2026-08-11 11:30:15,187 INFO [new standalone decode] saved K RMSNorm_input: logs/qwen_context_concat/tensors/new_standalone_decode/0252_K_RMSNorm_input.npy
2026-08-11 11:30:15,187 INFO [new standalone decode] K RMSNorm_output values: dtype=torch.float32, valid_min=-253.262, valid_max=186.832, valid_mean=-0.178631, masked_or_nonfinite=0, sample=[0.4493933320045471, 0.4589022397994995, -0.027526212856173515, -1.088431477546692, 0.26348066329956055, 0.8439370393753052, -0.5417664051055908, 0.3549894392490387]
2026-08-11 11:30:15,188 INFO [new standalone decode] saved K RMSNorm_output: logs/qwen_context_concat/tensors/new_standalone_decode/0253_K_RMSNorm_output.npy
2026-08-11 11:30:15,188 INFO [new standalone decode] V projection: (1, 1, 1024) -> (1, 1, 1024)
2026-08-11 11:30:15,188 INFO [new standalone decode] V projection_input values: dtype=torch.float32, valid_min=-1.83719, valid_max=1.20348, valid_mean=-0.00243269, masked_or_nonfinite=0, sample=[-0.1835479885339737, 1.2034783363342285, -1.2198212146759033, -0.9130949378013611, 0.1623968631029129, -0.10825292021036148, -0.6021429896354675, -0.6642370820045471]
2026-08-11 11:30:15,188 INFO [new standalone decode] saved V projection_input: logs/qwen_context_concat/tensors/new_standalone_decode/0254_V_projection_input.npy
2026-08-11 11:30:15,188 INFO [new standalone decode] V projection_output values: dtype=torch.float32, valid_min=-1.31554, valid_max=1.33771, valid_mean=-0.00464154, masked_or_nonfinite=0, sample=[0.009377792477607727, 0.00756218284368515, -0.005775373429059982, -0.003521803766489029, -0.0466226190328598, 0.03673078119754791, -0.007526800036430359, 0.016540516167879105]
2026-08-11 11:30:15,188 INFO [new standalone decode] saved V projection_output: logs/qwen_context_concat/tensors/new_standalone_decode/0255_V_projection_output.npy
2026-08-11 11:30:15,188 INFO [new standalone decode] stage 2 Q after RoPE: (1, 16, 1, 128)
2026-08-11 11:30:15,188 INFO [new standalone decode] stage 2 K/V after RoPE and cache: (1, 8, 3, 128) (1, 8, 3, 128)
2026-08-11 11:30:15,188 INFO [new standalone decode] stage 2 attention scores before mask/softmax: (1, 16, 1, 3)
2026-08-11 11:30:15,189 INFO [new standalone decode] stage_2_query_after_rope values: dtype=torch.float32, valid_min=-28.6646, valid_max=29.5963, valid_mean=-0.0179147, masked_or_nonfinite=0, sample=[0.09663037955760956, 0.06235090270638466, 0.0743020623922348, -0.13010713458061218, 0.4932194650173187, -0.014386883936822414, -0.20211105048656464, 0.1113576889038086]
2026-08-11 11:30:15,189 INFO [new standalone decode] saved stage_2_query_after_rope: logs/qwen_context_concat/tensors/new_standalone_decode/0256_stage_2_query_after_rope.npy
2026-08-11 11:30:15,189 INFO [new standalone decode] stage_2_key_after_rope_and_cache values: dtype=torch.float32, valid_min=-378.795, valid_max=365.626, valid_mean=-0.0571839, masked_or_nonfinite=0, sample=[0.8738383054733276, 2.0919575691223145, -3.0303571224212646, -0.48711806535720825, -0.7302735447883606, 1.764086365699768, 0.525286853313446, 1.002322793006897]
2026-08-11 11:30:15,189 INFO [new standalone decode] saved stage_2_key_after_rope_and_cache: logs/qwen_context_concat/tensors/new_standalone_decode/0257_stage_2_key_after_rope_and_cache.npy
2026-08-11 11:30:15,189 INFO [new standalone decode] stage_2_value_after_cache values: dtype=torch.float32, valid_min=-1.31554, valid_max=1.33771, valid_mean=-0.000742689, masked_or_nonfinite=0, sample=[-0.020393110811710358, -0.04067382961511612, 0.052979521453380585, -0.07688482105731964, -0.08518420159816742, -0.05725957825779915, -0.005681686103343964, 0.13006459176540375]
2026-08-11 11:30:15,189 INFO [new standalone decode] saved stage_2_value_after_cache: logs/qwen_context_concat/tensors/new_standalone_decode/0258_stage_2_value_after_cache.npy
2026-08-11 11:30:15,189 INFO [new standalone decode] stage_2_attention_scores_before_mask values: dtype=torch.float32, valid_min=-4.40393, valid_max=45.9155, valid_mean=8.76414, masked_or_nonfinite=0, sample=[6.784502983093262, 4.459712982177734, 9.479162216186523, 9.100159645080566, 8.377792358398438, 11.272124290466309, 15.46580982208252, 16.5783634185791]
2026-08-11 11:30:15,190 INFO [new standalone decode] saved stage_2_attention_scores_before_mask: logs/qwen_context_concat/tensors/new_standalone_decode/0259_stage_2_attention_scores_before_mask.npy
2026-08-11 11:30:15,190 INFO [new standalone decode] stage_2_attention_scores_after_mask values: dtype=torch.float32, valid_min=-4.40393, valid_max=45.9155, valid_mean=8.76414, masked_or_nonfinite=0, sample=[6.784502983093262, 4.459712982177734, 9.479162216186523, 9.100159645080566, 8.377792358398438, 11.272124290466309, 15.46580982208252, 16.5783634185791]
2026-08-11 11:30:15,190 INFO [new standalone decode] saved stage_2_attention_scores_after_mask: logs/qwen_context_concat/tensors/new_standalone_decode/0260_stage_2_attention_scores_after_mask.npy
2026-08-11 11:30:15,190 INFO [new standalone decode] stage 2 attention weights after softmax: (1, 16, 1, 3)
2026-08-11 11:30:15,190 INFO [new standalone decode] stage 2 attention context before O projection: (1, 1, 16, 128)
2026-08-11 11:30:15,190 INFO [new standalone decode] stage_2_attention_weights_after_softmax values: dtype=torch.float32, valid_min=1.74279e-05, valid_max=0.993203, valid_mean=0.333333, masked_or_nonfinite=0, sample=[0.06289989501237869, 0.006151860114187002, 0.9309482574462891, 0.09745534509420395, 0.04732444882392883, 0.8552201986312866, 0.15249334275722504, 0.4639025628566742]
2026-08-11 11:30:15,190 INFO [new standalone decode] saved stage_2_attention_weights_after_softmax: logs/qwen_context_concat/tensors/new_standalone_decode/0261_stage_2_attention_weights_after_softmax.npy
2026-08-11 11:30:15,191 INFO [new standalone decode] stage_2_attention_context_before_o_projection values: dtype=torch.float32, valid_min=-0.984791, valid_max=1.32858, valid_mean=-0.0032694, masked_or_nonfinite=0, sample=[0.0075129251927137375, 0.004540208261460066, -0.0030338424257934093, -0.008153453469276428, -0.049858417361974716, 0.031301673501729965, -0.006909387651830912, 0.023249801248311996]
2026-08-11 11:30:15,191 INFO [new standalone decode] saved stage_2_attention_context_before_o_projection: logs/qwen_context_concat/tensors/new_standalone_decode/0262_stage_2_attention_context_before_o_projection.npy
2026-08-11 11:30:15,191 INFO [new standalone decode] attention O projection: (1, 1, 2048) -> (1, 1, 1024)
2026-08-11 11:30:15,191 INFO [new standalone decode] attention O projection_input values: dtype=torch.float32, valid_min=-0.984791, valid_max=1.32858, valid_mean=-0.0032694, masked_or_nonfinite=0, sample=[0.0075129251927137375, 0.004540208261460066, -0.0030338424257934093, -0.008153453469276428, -0.049858417361974716, 0.031301673501729965, -0.006909387651830912, 0.023249801248311996]
2026-08-11 11:30:15,191 INFO [new standalone decode] saved attention O projection_input: logs/qwen_context_concat/tensors/new_standalone_decode/0263_attention_O_projection_input.npy
2026-08-11 11:30:15,191 INFO [new standalone decode] attention O projection_output values: dtype=torch.float32, valid_min=-1.63104, valid_max=2.50427, valid_mean=-0.00144326, masked_or_nonfinite=0, sample=[0.46380001306533813, -0.18963319063186646, -0.04875565692782402, -0.8378190994262695, 0.11775293201208115, -0.03183784335851669, 0.11697924137115479, -0.46950763463974]
2026-08-11 11:30:15,192 INFO [new standalone decode] saved attention O projection_output: logs/qwen_context_concat/tensors/new_standalone_decode/0264_attention_O_projection_output.npy
2026-08-11 11:30:15,192 INFO [new standalone decode] stage 2 self-attention output: (1, 1, 1024)
2026-08-11 11:30:15,192 INFO [new standalone decode] stage_2_self_attention_output values: dtype=torch.float32, valid_min=-1.63104, valid_max=2.50427, valid_mean=-0.00144326, masked_or_nonfinite=0, sample=[0.46380001306533813, -0.18963319063186646, -0.04875565692782402, -0.8378190994262695, 0.11775293201208115, -0.03183784335851669, 0.11697924137115479, -0.46950763463974]
2026-08-11 11:30:15,192 INFO [new standalone decode] saved stage_2_self_attention_output: logs/qwen_context_concat/tensors/new_standalone_decode/0265_stage_2_self_attention_output.npy
2026-08-11 11:30:15,192 INFO [new standalone decode] stage 3 MLP RMSNorm: (1, 1, 1024) -> (1, 1, 1024)
2026-08-11 11:30:15,192 INFO [new standalone decode] stage 3 MLP RMSNorm_input values: dtype=torch.float32, valid_min=-1.6268, valid_max=2.43835, valid_mean=-0.00152147, masked_or_nonfinite=0, sample=[0.42229610681533813, -0.13738709688186646, -0.11223222315311432, -0.8763933181762695, 0.14241114258766174, -0.03705634921789169, 0.054723381996154785, -0.49013751745224]
2026-08-11 11:30:15,192 INFO [new standalone decode] saved stage 3 MLP RMSNorm_input: logs/qwen_context_concat/tensors/new_standalone_decode/0266_stage_3_MLP_RMSNorm_input.npy
2026-08-11 11:30:15,192 INFO [new standalone decode] stage 3 MLP RMSNorm_output values: dtype=torch.float32, valid_min=-4.54143, valid_max=4.94681, valid_mean=-0.00823927, masked_or_nonfinite=0, sample=[1.3626341819763184, -0.000755384040530771, 1.1385886669158936, -4.51530122756958, 0.49166950583457947, -0.2558714747428894, 0.19183717668056488, -2.1738038063049316]
2026-08-11 11:30:15,193 INFO [new standalone decode] saved stage 3 MLP RMSNorm_output: logs/qwen_context_concat/tensors/new_standalone_decode/0267_stage_3_MLP_RMSNorm_output.npy
2026-08-11 11:30:15,193 INFO [new standalone decode] MLP gate projection: (1, 1, 1024) -> (1, 1, 3072)
2026-08-11 11:30:15,193 INFO [new standalone decode] MLP gate projection_input values: dtype=torch.float32, valid_min=-4.54143, valid_max=4.94681, valid_mean=-0.00823927, masked_or_nonfinite=0, sample=[1.3626341819763184, -0.000755384040530771, 1.1385886669158936, -4.51530122756958, 0.49166950583457947, -0.2558714747428894, 0.19183717668056488, -2.1738038063049316]
2026-08-11 11:30:15,193 INFO [new standalone decode] saved MLP gate projection_input: logs/qwen_context_concat/tensors/new_standalone_decode/0268_MLP_gate_projection_input.npy
2026-08-11 11:30:15,193 INFO [new standalone decode] MLP gate projection_output values: dtype=torch.float32, valid_min=-6.26383, valid_max=2.72761, valid_mean=-0.622644, masked_or_nonfinite=0, sample=[0.08212688565254211, -0.8545796871185303, 2.5717544555664062, -0.937903881072998, -1.1558281183242798, -0.36382946372032166, -1.2898705005645752, -0.20002590119838715]
2026-08-11 11:30:15,193 INFO [new standalone decode] saved MLP gate projection_output: logs/qwen_context_concat/tensors/new_standalone_decode/0269_MLP_gate_projection_output.npy
2026-08-11 11:30:15,194 INFO [new standalone decode] MLP up projection: (1, 1, 1024) -> (1, 1, 3072)
2026-08-11 11:30:15,194 INFO [new standalone decode] MLP up projection_input values: dtype=torch.float32, valid_min=-4.54143, valid_max=4.94681, valid_mean=-0.00823927, masked_or_nonfinite=0, sample=[1.3626341819763184, -0.000755384040530771, 1.1385886669158936, -4.51530122756958, 0.49166950583457947, -0.2558714747428894, 0.19183717668056488, -2.1738038063049316]
2026-08-11 11:30:15,194 INFO [new standalone decode] saved MLP up projection_input: logs/qwen_context_concat/tensors/new_standalone_decode/0270_MLP_up_projection_input.npy
2026-08-11 11:30:15,194 INFO [new standalone decode] MLP up projection_output values: dtype=torch.float32, valid_min=-2.54373, valid_max=1.79343, valid_mean=-0.00650439, masked_or_nonfinite=0, sample=[-0.10081201791763306, -1.4464035034179688, 0.3105216324329376, 0.04311470687389374, -0.3497850000858307, 0.4821062982082367, -0.0801623985171318, -0.5556281805038452]
2026-08-11 11:30:15,194 INFO [new standalone decode] saved MLP up projection_output: logs/qwen_context_concat/tensors/new_standalone_decode/0271_MLP_up_projection_output.npy
2026-08-11 11:30:15,195 INFO [new standalone decode] stage 3 MLP SiLU(gate) * up: (1, 1, 3072)
2026-08-11 11:30:15,195 INFO [new standalone decode] stage 3 MLP down projection output: (1, 1, 1024)
2026-08-11 11:30:15,195 INFO [new standalone decode] stage_3_mlp_swiglu_output values: dtype=torch.float32, valid_min=-4.78728, valid_max=1.82919, valid_mean=0.000354071, masked_or_nonfinite=0, sample=[-0.004309582989662886, 0.36893272399902344, 0.7419030070304871, -0.011376023292541504, 0.09679792076349258, -0.07192160189151764, 0.02232125587761402, 0.05003075301647186]
2026-08-11 11:30:15,195 INFO [new standalone decode] saved stage_3_mlp_swiglu_output: logs/qwen_context_concat/tensors/new_standalone_decode/0272_stage_3_mlp_swiglu_output.npy
2026-08-11 11:30:15,195 INFO [new standalone decode] stage_3_mlp_down_projection_output values: dtype=torch.float32, valid_min=-1.05062, valid_max=3.67698, valid_mean=-0.000399155, masked_or_nonfinite=0, sample=[-0.062466997653245926, -0.005046509206295013, 0.1544460952281952, -1.0506231784820557, -0.1902848184108734, 0.4103223383426666, -0.1770603358745575, -0.2814692556858063]
2026-08-11 11:30:15,195 INFO [new standalone decode] saved stage_3_mlp_down_projection_output: logs/qwen_context_concat/tensors/new_standalone_decode/0273_stage_3_mlp_down_projection_output.npy
2026-08-11 11:30:15,195 INFO [new standalone decode] stage 3 decoder.0 output hidden_states: (1, 1, 1024)
2026-08-11 11:30:15,195 INFO [new standalone decode] stage_3_decoder_output_hidden_states values: dtype=torch.float32, valid_min=-2.27455, valid_max=6.11533, valid_mean=-0.00192062, masked_or_nonfinite=0, sample=[0.3598290979862213, -0.14243361353874207, 0.04221387207508087, -1.9270164966583252, -0.04787367582321167, 0.37326598167419434, -0.12233695387840271, -0.7716068029403687]
2026-08-11 11:30:15,195 INFO [new standalone decode] saved stage_3_decoder_output_hidden_states: logs/qwen_context_concat/tensors/new_standalone_decode/0274_stage_3_decoder_output_hidden_states.npy
2026-08-11 11:30:15,234 INFO [new standalone decode] stage 4 final RMSNorm: (1, 1, 1024) -> (1, 1, 1024)
2026-08-11 11:30:15,235 INFO [new standalone decode] stage 4 final RMSNorm_input values: dtype=torch.float32, valid_min=-73.7695, valid_max=410.373, valid_mean=0.594126, masked_or_nonfinite=0, sample=[-2.2956440448760986, 21.880128860473633, 307.6201171875, -55.34014129638672, -5.560491561889648, -73.76945495605469, 9.546957015991211, 46.2042350769043]
2026-08-11 11:30:15,235 INFO [new standalone decode] saved stage 4 final RMSNorm_input: logs/qwen_context_concat/tensors/new_standalone_decode/0275_stage_4_final_RMSNorm_input.npy
2026-08-11 11:30:15,235 INFO [new standalone decode] stage 4 final RMSNorm_output values: dtype=torch.float32, valid_min=-20.8857, valid_max=38.0686, valid_mean=-0.0571235, masked_or_nonfinite=0, sample=[-0.393717497587204, 14.593369483947754, -1.530947208404541, -16.195274353027344, -0.6887540817260742, -20.885723114013672, 2.5080251693725586, 23.52138900756836]
2026-08-11 11:30:15,235 INFO [new standalone decode] saved stage 4 final RMSNorm_output: logs/qwen_context_concat/tensors/new_standalone_decode/0276_stage_4_final_RMSNorm_output.npy
2026-08-11 11:30:15,246 INFO [new standalone decode] stage 4 LM head: (1, 1, 1024) -> (1, 1, 151936)
2026-08-11 11:30:15,246 INFO [new standalone decode] stage 4 LM head_input values: dtype=torch.float32, valid_min=-20.8857, valid_max=38.0686, valid_mean=-0.0571235, masked_or_nonfinite=0, sample=[-0.393717497587204, 14.593369483947754, -1.530947208404541, -16.195274353027344, -0.6887540817260742, -20.885723114013672, 2.5080251693725586, 23.52138900756836]
2026-08-11 11:30:15,246 INFO [new standalone decode] saved stage 4 LM head_input: logs/qwen_context_concat/tensors/new_standalone_decode/0277_stage_4_LM_head_input.npy
2026-08-11 11:30:15,247 INFO [new standalone decode] stage 4 LM head_output values: dtype=torch.float32, valid_min=-5.84428, valid_max=12.0521, valid_mean=0.93859, masked_or_nonfinite=0, sample=[7.159546852111816, 10.06750774383545, 9.580119132995605, 8.132726669311523, 7.057735919952393, 7.049568176269531, 8.27505874633789, 8.774309158325195]
2026-08-11 11:30:15,247 INFO [new standalone decode] saved stage 4 LM head_output: logs/qwen_context_concat/tensors/new_standalone_decode/0278_stage_4_LM_head_output.npy
2026-08-11 11:30:15,248 INFO validation: merged decode logits match standalone decode logits
2026-08-11 11:30:15,248 INFO continuous inference timing summary
2026-08-11 11:30:15,248 INFO   old concurrent prefill: 139.195 ms
2026-08-11 11:30:15,248 INFO   old concurrent decode: 112.621 ms
2026-08-11 11:30:15,248 INFO   old concurrent inference total: 255.846 ms
2026-08-11 11:30:15,248 INFO   new request prefill: 134.523 ms
2026-08-11 11:30:15,248 INFO   new request cache and mask merge: 1.671 ms
2026-08-11 11:30:15,248 INFO   decode after new request join: 300.497 ms
2026-08-11 11:30:15,248 INFO   new request join total: 441.278 ms
